,Project,Funding Rounds,Total Funding Amount,Investors,Date,Time of Crawl
1,Arcade,Seed Round,"$3,200,000 ","Crypto.com Capital, Solana Ventures, Shima Capital, Kucoin Labs, GSR","Oct 19, 2022",2022/11/12
2,Metaverse Magna,Seed Round,"$3,200,000 ","Tess Ventures, LD Capital, Gumi Cryptos, HashKey Capital","Sep 05, 2022",2022/11/12
3,Smash Stars,Pre-Seed Round,"$2,000,000 ",Play Ventures,"Oct 10, 2022",2022/11/12
4,Elyzio,Pre-Seed Round,"$2,000,000 ","Shima Capital, Solana Ventures","Oct 10, 2022",2022/11/12
5,Tribo,Pre-Seed Round,"$1,200,000 ",Play Ventures,"Oct 10, 2022",2022/11/12
6,Stardust,Series A Round,"$30,000,000 ","Framework Ventures, Blockchain Capital","Oct 18, 2022",2022/11/12
7,Homa,Series B Round,"$100,000,000 ","Northzone, Fabric Ventures","Oct 11, 2022",2022/11/12
8,Delysium,Strategic Round,"$10,000,000 ","AnthosCapital, Immutable Capital, GSR, Leonis Capital","Oct 17, 2022",2022/11/12
9,Horizon,Series A Round,"$40,000,000 ","Morgan Creek Digital, Brevan Howard","Oct 05, 2022",2022/11/12
10,AlterVerse,Unknown Round,-,"Binance Labs, Polygon, Enjinstarter","Oct 03, 2022",2022/11/12
11,Theorycraft Games,Series B Round,"$50,000,000 ","Makers Fund, a16z crypto","Sep 22, 2022",2022/11/12
12,Hadean,Series A Round,"$30,000,000 ","2050, Molten Ventures","Sep 23, 2022",2022/11/12
13,Fabwelt,Series A Round,"$995,000 ","Oddiyana Ventures, Chronos Ventures, ExNetwork Capital, Kommunitas, Banter Capital, Wealth Union, NFT Technologies, IBC International Blockchain Consulting, Fairum Ventures, Vespertine Capital","Nov 17, 2021",2022/11/12
14,Age Of Zalmoxis,Private Round,-,"Morningstar Ventures, RR2 Capital, SL2 Capital","Sep 23, 2022",2022/11/12
15,Immortal Game,Series A Round,"$12,000,000 ","Greenfield One, Spice Capital Partners","Sep 21, 2022",2022/11/12
16,Vulcan Forged,Series A Round,"$8,000,000 ",SkyBridge Capital,"Sep 21, 2022",2022/11/12
17,MetaFi,Seed Round,"$3,000,000 ","Maven Capital, OKX, Megala Ventures, Magnus Capital, Legion Ventures, SL2 Capital","Sep 15, 2022",2022/11/12
18,Thirdwave,Seed Round,"$7,000,000 ","Framework Ventures, Animoca Brands, Play Ventures, Shima Capital","Sep 13, 2022",2022/11/12
19,Stella Fantasy,Unknown Round,"$6,000,000 ","Krust, PathDAO, DeFiance Capital, Play Ventures, Avocado DAO, Dweb3 Capital, Double Peak","Sep 13, 2022",2022/11/12
20,Revolving Games,Seed Round,"$13,200,000 ","Pantera Capital, Animoca Brands, Polygon, Dapper Labs, Kenetic Capital, Dweb3 Capital","Sep 09, 2022",2022/11/12
21,Gameplay Galaxy,Seed Round,"$12,800,000 ","Blockchain Capital, Merit Circle Investor, Com2uS, Solana Ventures, Yield Guild Games","Sep 07, 2022",2022/11/12
22,Metaverse Magna,Seed Round,"$3,200,000 ","Tess Ventures, LD Capital, Gumi Cryptos, HashKey Capital","Sep 05, 2022",2022/11/12
23,SweatCoin,Seed Round,"$13,200,000 ","Spartan Group, Electric Capital, OKX, Jump Capital, NEAR Foundation","Jul 29, 2022",2022/11/12
24,Internet Game,Seed Round,"$7,000,000 ","ParaFi Capital, Dragonfly Capital, Delphi Digital","Sep 03, 2022",2022/11/12
25,Sprocket Games,Unknown Round,"$5,000,000 ","BITKRAFT Ventures, 1UpVentures","Aug 31, 2022",2022/11/12
26,Limit Break,Unknown Round,"$200,000,000 ","Paradigm, FTX, Coinbase Ventures","Aug 29, 2022",2022/11/12
27,Xterio,Series A Round,"$40,000,000 ","FTX, Makers Fund, HashKey Capital, Foresight Ventures, Animoca Brands","Aug 30, 2022",2022/11/12
28,Yesports,Unknown Round,"$3,800,000 ","BR Capital, NGC Ventures","Aug 23, 2022",2022/11/12
29,Ready Player Me,Series B Round,"$56,000,000 ","a16z crypto, Collab+Currency, Konvoy Ventures","Aug 23, 2022",2022/11/12
30,Gelato,Series A Round,"$11,000,000 ","Dragonfly Capital, IDEO CoLab Ventures, ParaFi Capital, D1 Venture, MetaCartel Ventures, Galaxy Digital, The Lao","Aug 17, 2021",2022/11/12
31,Gallium Studios,Unknown Round,"$6,000,000 ",Griffin Gaming Partners,"Aug 22, 2022",2022/11/12
32,BovineVerse,Unknown Round,"$1,940,000 ",7 O’Clock Capital,"Aug 18, 2022",2022/11/12
33,Fitmint,Seed Round,"$1,600,000 ","General Catalyst, Dweb3 Capital","Aug 17, 2022",2022/11/12
34,MatchboxDAO,Seed Round,"$7,500,000 ","1kx, BITKRAFT Ventures, Delphi Digital, Big Brain Holdings, Mirana Ventures, Lemniscap, Fabric Ventures","Aug 17, 2022",2022/11/12
35,Lysto,Seed Round,"$12,000,000 ","Hashed, Better Capital","Aug 11, 2022",2022/11/12
36,Murasaki,Seed Round,"$1,523,000 ",Incubate Fund,"Aug 14, 2022",2022/11/12
37,Regression Games,Seed Round,"$4,200,000 ","Roosh Venture, a16z crypto","Aug 15, 2022",2022/11/12
38,Oasys,Unknown Round,"$20,000,000 ","Republic Capital, JumpCrypto, Crypto.com Capital, Huobi Capital, Kucoin Labs, Gate.io Labs","Jul 07, 2022",2022/11/12
39,Reincarnation,Unknown Round,"$1,000,000 ",Gelişim Group,"Aug 10, 2022",2022/11/12
40,Soba,Seed Round,"$13,500,000 ","Lightspeed Venture Partners, Cherry Ventures, FTX","Jun 29, 2022",2022/11/12
41,Gunzilla,Unknown Round,"$46,000,000 ","Griffin Gaming Partners, Animoca Brands, JumpCrypto, Republic Capital","Aug 09, 2022",2022/11/12
42,LUXON,Seed Round,"$5,800,000 ","BITKRAFT Ventures, Blocore, FTX, GuildFi","Aug 09, 2022",2022/11/12
43,MetaverseGo,Seed Round,"$4,200,000 ","Galaxy Interactive, Delphi Digital, Dragonfly Capital, Mechanism Capital, Infinity Ventures Crypto, Shima Capital, Com2uS","Aug 08, 2022",2022/11/12
44,Halliday,Seed Round,"$6,000,000 ",Hashed,"Aug 05, 2022",2022/11/12
45,Spacebar,Seed Round,"$4,500,000 ",Yield Guild Games,"Aug 02, 2022",2022/11/12
46,Panzerdogs,Strategic Round,"$3,350,000 ","Solana Ventures, Com2uS, Big Brain Holdings","Aug 03, 2022",2022/11/12
47,Ambrus Studio,Unknown Round,-,"Spartan Group, 6th Man Ventures, Axia8 Ventures, Krypital Group","Jul 28, 2022",2022/11/12
48,Stadium Live,Series A Round,"$12,800,000 ","KB Partners, Union Square Ventures","Jul 28, 2022",2022/11/12
49,Players’ Lounge,Series A Round,"$10,500,000 ","Griffin Gaming Partners, WndrCo","Jul 28, 2022",2022/11/12
50,Aftermath Islands,Unknown Round,"$25,000,000 ",LDA Capital,"Jul 26, 2022",2022/11/12
51,Alchemon,Seed Round,"$1,000,000 ",Borderless Capital,"Jul 25, 2022",2022/11/12
52,ReNFT,Seed Round,"$5,000,000 ","Mechanism Capital, Gumi Cryptos","Jul 27, 2022",2022/11/12
53,Magicave,Seed Round,"$6,400,000 ","Fabric Ventures, BITKRAFT Ventures","Jul 27, 2022",2022/11/12
54,Cryptoys,Series A Round,"$23,000,000 ","CoinFund, Dapper Labs, Animoca Brands","Jun 23, 2022",2022/11/12
55,Mighty Bear Games,Unknown Round,"$10,000,000 ","Framework Ventures, Mirana Ventures, Spartan Group, Sfermion, Sanctor Capital, Folius Ventures, Polygon, Ready Player DAO","Jul 26, 2022",2022/11/12
56,Astro Space,Pre-Seed Round,"$25,000,000 ","Solana Ventures, Blocore, Infinity Ventures Crypto","Jul 19, 2022",2022/11/12
57,Playdex,Seed Round,"$2,000,000 ",PDAX,"Jun 02, 2022",2022/11/12
58,Voyage Finance,Pre-Seed Round,"$1,000,000 ","Delphi Digital, BlockchainSpace, PathDAO","May 20, 2022",2022/11/12
59,Frutti Dino,Unknown Round,"$3,100,000 ",Koreit,"May 04, 2022",2022/11/12
60,TimeShuffle,Seed Round,"$2,100,000 ","Shima Capital, Ava Labs, Avalaunch, AVentures Dao, GBV Capital, MC Ventures (Muhabbit), Dweb3 Capital","May 10, 2022",2022/11/12
61,Branch,Seed Round,"$12,500,000 ","Mechanism Capital, Dragonfly Capital, Coinbase Ventures, Three Arrows Capital","Jul 11, 2022",2022/11/12
62,YGG Japan,Seed Round,"$2,800,000 ","YGG SEA, Yield Guild Games, Animoca Brands, Infinity Ventures Crypto","Jul 08, 2022",2022/11/12
63,MonkeyLeague,Series A Round,"$24,000,000 ","Griffin Gaming Partners, 6th Man Ventures","Jul 14, 2022",2022/11/12
64,CLUB,Seed Round,"$3,100,000 ","Zee Prime Capital, Merit Circle Investor, CitizenX Crypto Ventures, Petrock Capital","Jul 14, 2022",2022/11/12
65,Mirror World,Seed Round,"$4,000,000 ","Republic Crypto, Alameda Research, Galaxy Interactive","Mar 12, 2022",2022/11/12
66,BR1 Infinite,Seed Round,"$3,000,000 ","Solana Ventures, 6th Man Ventures, Shima Capital, Goat Capital, Big Brain Holdings, Krafton, Sino Global Capital, JustinKan","Jul 12, 2022",2022/11/12
67,Decentraland,Unknown Round,-,Digital Currency Group,"Nov 19, 2021",2022/11/12
68,Zigazoo,Series A Round,"$17,000,000 ","Liberty City Ventures, Dapper Labs, Animoca Brands, Lightspeed Venture Partners","Jun 28, 2022",2022/11/12
69,Planetarium Labs,Series A Round,"$32,000,000 ","Animoca Brands, Krust","Jul 08, 2022",2022/11/12
70,Klang Games,Unknown Round,"$41,000,000 ","Animoca Brands, Kingsway Capital","Jul 07, 2022",2022/11/12
71,Genopets,Seed Round,"$8,300,000 ","Konvoy Ventures, Pantera Capital, Old Fashion Research, Alameda Research, Solana Capital, Mechanism Capital, Collab+Currency, Spartan Group, Animoca Brands, OliveX, CMT Digital, GBV Capital, Yield Guild Games, Merit Circle Investor","Oct 18, 2021",2022/11/12
72,Stella Fantasy,Unknown Round,"$5,000,000 ","Animoca Brands, DeFiance Capital, Play Ventures, Double Peak, Dweb3 Capital, GuildFi, Avocado DAO, PathDAO","Jun 27, 2022",2022/11/12
73,EyesFi,Seed Round,"$2,000,000 ","Multicoin Capital, Puzzle Ventures, Deltahub Capital","Jun 24, 2022",2022/11/12
74,MetaOne,Private Round,"$2,000,000 ","Huobi Capital, LD Capital, GSR","Jun 21, 2022",2022/11/12
75,Soulbound,Seed Round,"$3,600,000 ","Animoca Brands, Genblock Capital, NGC Ventures, PANONY, Everest Ventures Group, SL2 Capital, AAGVentures","Jun 17, 2022",2022/11/12
76,Earth From Another Sun (EFAS),Unknown Round,"$4,500,000 ","Solana Ventures, Alameda Research, Lightspeed Venture Partners, Solana Capital","Jun 16, 2022",2022/11/12
77,BitCraft,Series A Round,"$22,000,000 ","Andreessen Horowitz, Supercell","Jun 16, 2022",2022/11/12
78,Wildcard,Series A Round,"$46,000,000 ","Paradigm, Griffin Gaming Partners","Jun 15, 2022",2022/11/12
79,Atmos,Seed Round,"$11,000,000 ","Sfermion, Animoca Brands, Collab+Currency, FBG Capital, Red Beard Ventures, Dweb3 Capital, LD Capital, GSR, Avocado Guild, UNIX","Jun 13, 2022",2022/11/12
80,Tatsumeeko,Seed Round,"$7,500,000 ","DeFiance Capital, Delphi Digital, BITKRAFT Ventures, Binance Labs, Animoca Brands, Dialectic Capital, GuildFi","Jun 09, 2022",2022/11/12
81,Chillchat,Seed Round,"$6,500,000 ","FTX, Crypto.com Capital, Griffin Gaming Partners, Animoca Brands, Spartan Group, Morningstar Ventures","Jun 07, 2022",2022/11/12
82,Moonfrost,Seed Round,"$4,500,000 ","Blocore, Supercell, Animoca Brands, Griffin Gaming Partners","Jun 06, 2022",2022/11/12
83,Walken,Unknown Round,"$4,700,000 ","Infinity Ventures Crypto, Shima Capital, Morningstar Ventures, Huobi Capital, Yield Guild Games, YGG SEA, Genblock Capital, Big Brain Holdings","Jun 03, 2022",2022/11/12
84,The Red Village,Seed Round,"$6,500,000 ","Animoca Brands, GameFi Investor, Kucoin Labs, Polygon Studios, SL2 Capital, Sfermion, Fundamental Labs, Dweb3 Capital, LucidBlue Ventures, OIG Oracles Investment Group, Spark Digital Capital, Metavest Capital, DuckDao, Vendetta Capital, Prometeus Labs","Jun 03, 2022",2022/11/12
85,Revoland,Seed Round,"$10,600,000 ","HashKey Capital, Polygon, AKG Ventures, Arcanum Capital","Jun 01, 2022",2022/11/12
86,Kryptomon,Unknown Round,"$10,000,000 ","NFX, Griffin Gaming Partners","May 31, 2022",2022/11/12
87,Chibi Clash,Private Round,"$3,000,000 ","Genblock Capital, Jump Capital, C² Ventures, Kyros Ventures, NGC Ventures, PANONY, Petrock Capital, Polygon Studios, Shima Capital, Avocado DAO, TK Ventures, Alliance","May 31, 2022",2022/11/12
88,Cantina Royale,Seed Round,"$4,500,000 ","Mechanism Capital, Crypto.com Capital, Animoca Brands, Morningstar Ventures, GBV Capital, Merit Circle Investor, ExNetwork Capital, PathDAO, Good Games Guild","May 26, 2022",2022/11/12
89,BLOCKLORDS,Seed Round,"$15,000,000 ","Makers Fund, BITKRAFT Ventures, Delphi Digital, Animoca Brands, Shima Capital, Spartan Group, Huobi Capital","May 25, 2022",2022/11/12
90,Azra Games,Seed Round,"$15,000,000 ","NFX, Play Ventures, Andreessen Horowitz, Coinbase Ventures, ROK Capital","May 19, 2022",2022/11/12
91,FreshCut,Seed Round,"$15,000,000 ","Animoca Brands, Galaxy Digital, Hashed, Polygon, Republic Crypto","May 19, 2022",2022/11/12
92,Metatheory,Series A Round,"$24,000,000 ",Andreessen Horowitz,"May 16, 2022",2022/11/12
93,The Unfettered,Unknown Round,"$2,500,000 ","Vendetta Capital, Icetea Labs, Animoca Brands, Morningstar Ventures, Fomocraft Ventures, Gains Associates, AU21 Capital, Gate.io Labs, Good Games Guild, Momentum 6, ZBS Capital, Avstar Capital, BreederDAO","May 13, 2022",2022/11/12
94,StarryNift,Series A Round,"$10,000,000 ","Binance Labs, Alameda Research, GBV Capital, Susquehanna International Group","May 10, 2022",2022/11/12
95,Nyan Heroes,Strategic Round,"$7,500,000 ","Kosmos Ventures, Sino Global Capital, Shima Capital, Petrock Capital, Morningstar Ventures, Crypto.com Capital, Tess Ventures, Master Ventures, Ancient8, Drops Ventures, Andromeda Capital, Salad Ventures","May 10, 2022",2022/11/12
96,MechaFightClub,Series A Round,"$40,000,000 ","Andreessen Horowitz, Solana Ventures","May 09, 2022",2022/11/12
97,InfiniGods,Seed Round,"$9,000,000 ","Pantera Capital, Framework Ventures, Animoca Brands, Double Peak","May 06, 2022",2022/11/12
98,Untamed Planet,Series A Round,"$24,300,000 ",Animoca Brands,"May 06, 2022",2022/11/12
99,Ready Games,Unknown Round,"$3,000,000 ","BITKRAFT Ventures, Hashed, Tribe Capital, IOSG Ventures, Spartan Group, Mapleblock, Polygon","May 06, 2022",2022/11/12
100,LootRush,Seed Round,"$12,000,000 ","Paradigm, Andreessen Horowitz","May 05, 2022",2022/11/12
101,Stakes,Seed Round,"$5,300,000 ","Digital Currency Group, FBG Capital, CMS Holdings","May 05, 2022",2022/11/12
102,Cometh,Unknown Round,"$10,000,000 ","Stake Capital, White Star Capital","May 05, 2022",2022/11/12
103,The Football Club,Seed Round,"$2,650,000 ",Dreamcraft,"May 04, 2022",2022/11/12
104,The Crypt Game,Seed Round,"$4,000,000 ",BITKRAFT Ventures,"May 02, 2022",2022/11/12
105,Rivermen,Unknown Round,"$4,500,000 ","HashKey Capital, Bonfire Ventures, UOBVenture, Signum Capital, SuperChain Capital","Apr 29, 2022",2022/11/12
106,Apeiron,Seed Round,"$13,500,000 ","Hashed, DeFiance Capital, Morningstar Ventures, Spartan Group, DeFi Capital, GuildFi","Apr 27, 2022",2022/11/12
107,Goons Of Balatroon,Private Round,"$2,450,000 ","Merit Circle Investor, Jun Capital, Maven Capital, Faculty Capital, Bullperks, Halvings Capital","Apr 23, 2022",2022/11/12
108,OpenBlox,Seed Round,"$3,000,000 ","Shima Capital, 3Commas, Digital Strategies, MC Ventures (Muhabbit), JumpCrypto, Kyros Ventures","Apr 21, 2022",2022/11/12
109,Kangaroo,Seed Round,"$3,300,000 ","Human Capital, Greylock Partners","Apr 21, 2022",2022/11/12
110,Cardalonia,Pre-Seed Round,"$420,000 ",Hedgespur Capital,"Apr 19, 2022",2022/11/12
111,CryptoBots,Private Round,"$2,000,000 ","Merit Circle Investor, Crypto Gaming United (CGU), Wintermute, Neon, Tuzanye, Mercuryo","Apr 20, 2022",2022/11/12
112,Eternal Dragons,Unknown Round,"$8,200,000 ","Play Ventures, Frabric Ventures","Apr 17, 2022",2022/11/12
113,Paladin Pandas,Unknown Round,"$4,000,000 ","HashKey Capital, y2zVentures","Apr 13, 2022",2022/11/12
114,Blast Royale,Seed Round,"$5,000,000 ","Animoca Brands, Mechanism Capital, Dragonfly Capital, DeFiance Capital, Double Peak, Polygon, C² Ventures, Morningstar Ventures, Dweb3 Capital, Merit Circle Investor, Ancient8, Shima Capital, Avocado Guild","Apr 13, 2022",2022/11/12
115,Civitas,Unknown Round,"$20,000,000 ","Delphi Digital, Three Arrows Capital, Framework Ventures, BITKRAFT Ventures, DeFiance Capital, Dialectic Capital, CMT Digital, Sfermion, SevenX Ventures, Nabais Capital, Infinity Ventures Crypto, Merit Circle Investor, Yield Guild Games, YGG SEA","Apr 12, 2022",2022/11/12
116,Swoops,Seed Round,"$3,500,000 ","Red Beard Ventures, Alpaca VC, Courtside Ventures","Apr 12, 2022",2022/11/12
117,Shrapnel,Unknown Round,"$7,000,000 ","Three Arrows Capital, Dragonfly Capital","Apr 11, 2022",2022/11/12
118,DEFY,Seed Round,"$3,500,000 ","Animoca Brands, Spartan Group, Bixin Ventures, Polygon Studios, Unanimous Capital, PathDAO, Play It Forward DAO, OliveX","Apr 08, 2022",2022/11/12
119,GOALS,Seed Round,"$15,000,000 ","Northzone, Cherry Ventures, Moonfire Ventures","Apr 05, 2022",2022/11/12
120,Polemos,Seed Round,"$14,000,000 ","Framework Ventures, Delphi Digital, QCPCapital, GoldenTree, IOSG Ventures, LD Capital","Apr 04, 2022",2022/11/12
121,One World Nation,Seed Round,"$2,000,000 ","Polygon Studios, IndiGG, Better Capital, Cloud Capital","Apr 04, 2022",2022/11/12
122,Footium,Seed Round,"$3,350,000 ","BACKED Venture Capital, Animoca Brands, YGG SEA, Bayz, Merit Circle Investor, Infinity Ventures Crypto, Stride.VC, Entrée Capital, RLC Ventures, BlackPool","Mar 31, 2022",2022/11/12
123,Crypto Raiders,Seed Round,"$6,000,000 ","DeFiance Capital, Delphi Digital, Merit Circle Investor, Yield Guild Games","Mar 30, 2022",2022/11/12
124,GoodGhosting,Seed Round,"$1,250,000 ","Arca, Big Brain Holdings, Dweb3 Capital, R8 Capital, ZMT Capital","Mar 30, 2022",2022/11/12
125,Cross The Ages,Seed Round,"$12,000,000 ","Animoca Brands, Polygon, Ubisoft","Mar 28, 2022",2022/11/12
126,AFAR,Unknown Round,"$10,000,000 ","LavaX Labs, Dialectic Capital, Merit Circle Investor, Dragonfly Capital, Dapper Labs, Maven 11 Capital, DeFiance Capital, Makers Fund, Yield Guild Games","Mar 24, 2022",2022/11/12
127,SkatetX,Seed Round,"$5,000,000 ","Coinbase Ventures, Solana Capital, Animoca Brands, Play Ventures","Mar 22, 2022",2022/11/12
128,Ultiverse,Seed Round,"$4,500,000 ","Binance Labs, DeFiance Capital, Sky Vision Capital, Three Arrows Capital","Mar 22, 2022",2022/11/12
129,Klay City,Seed Round,"$3,750,000 ","Animoca Brands, A&amp;T Capital, GBV Capital, Kyros Ventures, ROK Capital, Stable Node, HG Ventures (DAS Kapital), Kucoin Labs","Mar 20, 2022",2022/11/12
130,Eizper Chain,Seed Round,"$2,000,000 ","Alameda Research, Huobi Capital, Crypto.com Capital, DeFi Capital, Avocado Guild, AAGVentures, FloemCapital, SeaGamesOrganization, QCPCapital, Petrock Capital, SolanaInsiders, ROK Capital, CMS Holdings, Kernel Ventures, NyanHeroes, Genopets, ArnoldPoernomo, TamarMenteshashvili, IanLam, JackTeoh, NyanQueenWengie, Solar Eco Fund, IvanLam","Mar 16, 2022",2022/11/12
131,Crypto Unicorns,Seed Round,"$26,000,000 ","Delphi Digital, BITKRAFT Ventures, Infinity Ventures Crypto, Polygon Studios, CoinFund, Emfarsis, BACKED Venture Capital, Yield Guild Games, IndiGG, YGG SEA","Mar 15, 2022",2022/11/12
132,Rebel Bots - Xoil Wars,Seed Round,"$2,000,000 ","Animoca Brands, Ubisoft","Mar 15, 2022",2022/11/12
133,Delysium,Seed Round,"$4,000,000 ","Galaxy Interactive, Alameda Research, EurekaMetaCapital, y2zVentures, Tess Ventures, Zonff Partners, Infinity Ventures Crypto, LucidBlue Ventures, Ancient8, UNIX, PathDAO, YGG SEA, AnthosCapital","Mar 15, 2022",2022/11/12
134,Undead Blocks,Seed Round,"$1,700,000 ","Animoca Brands, Genblock Capital, Double Peak","Mar 11, 2022",2022/11/12
135,Versus Systems,Strategic Round,-,Animoca Brands,"Mar 11, 2022",2022/11/12
136,EPIC LEAGUE,Seed Round,"$1,000,000 ","Infinity Ventures Crypto, YGG SEA, TheSandbox, WemadeTree, ThomasVu","Mar 10, 2022",2022/11/12
137,Loco,Series A Round,"$42,000,000 ","Hiro Capital, Makers Fund, Korea Investment Partners, Catamaran, Hashed, Lumikai, Krafton","Mar 10, 2022",2022/11/12
138,MetalCore,Seed Round,"$15,000,000 ","Delphi Digital, Animoca Brands, Youbi Capital, Bitscale Capital, Spartan Group, Yield Guild Games, Merit Circle Investor, BreederDAO, Perion, BITKRAFT Ventures, Avocado DAO, YGG SEA","Mar 09, 2022",2022/11/12
139,Apeiron,Seed Round,"$880,000 ","YGG SEA, Infinity Ventures Crypto, Sky Vision Capital, GuildFi, Enzac Research","Mar 08, 2022",2022/11/12
140,Ascenders,Private Round,"$6,400,000 ","Sino Global Capital, Three Arrows Capital, Merit Circle Investor, DeFiance Capital, GuildFi, Zee Prime Capital, Avocado Guild, Avalaunch","Mar 08, 2022",2022/11/12
141,AlwaysGeeky Games,Strategic Round,"$1,100,000 ",Binance Labs,"Mar 05, 2022",2022/11/12
142,MetaENGINE,Seed Round,"$4,000,000 ","Lemniscap, JumpCrypto","Mar 05, 2022",2022/11/12
143,Inworld AI,Strategic Round,"$10,000,000 ","BITKRAFT Ventures, KevinLin, NateMitchell, YatSiu, MarcMerrill, KleinerPerkins, Sebastien Borget, CRV","Mar 05, 2022",2022/11/12
144,Derby Stars,Seed Round,"$6,000,000 ","Patron, Galaxy Interactive, Hashed, Arrington XRP Capital, JumpCrypto, Alan Howard, Mechanism Capital, Sky Vision Capital, TaureonCapital, Lunatic Capital, a41 Ventures, Coin98 Ventures, GuildFi, Avocado DAO, Ready Player DAO, Everyrealm, AcadArena, TerraBites, RyanWyatt, Sebastien Borget, DanielKim, ChaunceySt.John, SJPark, KevinChiao","Mar 05, 2022",2022/11/12
145,Nifty League,Seed Round,"$5,000,000 ","RSE Ventures, Lerer Hippeau, Spartan Group, VaynerFund, Avocado Guild, EvosGaming, PrivateVenturesGroup, AdvancitCapital, TEOHCapital, 3SEHoldings, y2zVentures, NyanHeroes, MatthewKalish, RyanHarwood","Mar 03, 2022",2022/11/12
146,AQUANEE,Seed Round,"$2,000,000 ","Momentum 6, Polygon, Mindfulness Capital, IsraelMysteriousFamilyFund, Cipholio Ventures, BitMart, WorshipperCapital","Mar 03, 2022",2022/11/12
147,Web3Games,Seed Round,"$4,000,000 ","DAO Maker Investor, LD Capital, MindWorks, NEAR Foundation, CoinUnited Capital, SnapFingers, 3Commas, Assembly Capital Partners, Blockspaper, MetaX Ventures, Metaverse Alliance, MEXCExchange, ARIA, BitcoinAddictThailand, Zipmex, TiCapital, Lancer Capital, Crasolum, TK Ventures, Kernel Ventures, Spark Digital Capital, Maven Capital, InfinityLabs, BTSLabs, UG Ventures","Mar 03, 2022",2022/11/12
148,Karmaverse,Seed Round,"$6,000,000 ","A&amp;T Capital, Foresight Ventures, Polygon Studios, NFX, GSR, HashKey Capital, Fundamental Labs, Altonomy","Feb 28, 2022",2022/11/12
149,Matrix World,Seed Round,"$5,500,000 ","Tess Ventures, Everest Ventures Group, Sky9Capital, Dapper Labs, Animoca Brands, SevenX Ventures, Bonfire Ventures, Fenbushi Capital, PANONY, y2zVentures, Com2uS, Hash Global, ArkStream Capital, SecondLive, MoonCapital, Matcha","Feb 27, 2022",2022/11/12
150,Worldspark Studios,Seed Round,"$3,000,000 ","Animoca Brands, Shima Capital, Alameda Research, Jump Capital, AAGVentures, Sfermion","Feb 25, 2022",2022/11/12
151,Fast Break Labs,Seed Round,"$6,000,000 ","Patron, Pantera Capital, Collab+Currency, Solana Ventures, SouthParkCommons, Blue Pool Capital, AneelRanadive, MarcMerrill, RyanSpoon, JohnRobinson, ThomasVu, JasonChoi, WengieHuang","Feb 24, 2022",2022/11/12
152,Heroes Of Mavia,Strategic Round,"$2,500,000 ","Crypto.com Capital, HashKey Capital, Merit Circle Investor, GuildFi, YGG SEA, Avocado Guild, Perion, Avocado DAO","Feb 21, 2022",2022/11/12
153,Summoners Arena,Private Round,"$3,000,000 ","Kyros Ventures, Spartan Group, Coin98 Ventures, Pantera Capital, Coinbase Ventures, Kyber Network, Impossible Finance Investor, Merit Circle Investor","Feb 18, 2022",2022/11/12
154,Gemie,Seed Round,"$3,800,000 ","Shima Capital, Infinity Ventures Crypto, Kenetic Capital, NGC Ventures, NewmanCapital, SoulCapital, Spark Digital Capital, ICOPantera, SL2 Capital, Oddiyana Ventures, BeyondNext, QUDAX, Avstar Capital","Feb 18, 2022",2022/11/12
155,Fanfury,Seed Round,-,"Lunatic Capital, GTCapital, MEXCExchange, Sky Vision Capital, Maven Capital, OIG Investment Group, Black Dragon, ExNetwork Capital","Feb 18, 2022",2022/11/12
156,Banger Games,Seed Round,"$11,315,000 ","Avalanche, Shima Capital, GSR, Flori Ventures, Poolz, LucidBlue Ventures, Belobaba, CSP DAO, Halvings Capital, OIG Investment Group, Bigcoin Capital, JayntiKanani, G-20AdvisorsAG, DavidWachsman","Feb 17, 2022",2022/11/12
157,Playible,Pre-Seed Round,"$10,000,000 ","HartmannCapital, Grizzly Capital, Big Brain Holdings","Feb 16, 2022",2022/11/12
158,G4AL,Pre-Seed Round,"$1,360,000 ","Inveready, BonsaiPartners","Feb 16, 2022",2022/11/12
159,Ethlas,Seed Round,"$2,700,000 ","Sequoia Capital, Yield Guild Games, VenturraCapital, Play It Forward DAO, BlockchainSpace, DeusExDAO, HustleFund, Genesis","Feb 16, 2022",2022/11/12
160,Candy Cash!,Private Round,"$1,855,000 ","Legion Ventures, Dutch Crypto Investors, ZBS Capital, Halvings Capital, Kommunitas, MM Ventures, MH Ventures","Feb 15, 2022",2022/11/12
161,NextVerse,Private Round,"$2,760,000 ","Icetea Labs, Maven Capital, Red Kite, GameFi Investor","Feb 15, 2022",2022/11/12
162,Your Open Metaverse,Private Round,-,"ExNetwork Capital, Alphabit Fund, Launchpool, Solar Eco Fund, BrotherHood Ventures, Andromeda Capital, Stakez Capital, LucidBlue Ventures","Feb 15, 2022",2022/11/12
163,MixMob,Seed Round,"$7,000,000 ","DeFiance Capital, Ascensive Assets, Merit Circle Investor, Genblock Capital, Shima Capital, Avocado Guild, Maven Capital, Morningstar Ventures, Avocado DAO, YGG SEA","Feb 15, 2022",2022/11/12
164,Wizardia,Private Round,"$4,500,000 ","ExNetwork Capital, Magnus Capital, Stacker Ventures DAO, Nodeseeds, Roseon Finance","Feb 12, 2022",2022/11/12
165,Metan Evolutions,Private Round,"$2,200,000 ","4SV, Insignius Capital, Shima Capital, ZBS Capital, Consensus Capital","Feb 11, 2022",2022/11/12
166,Karmaverse,Seed Round,"$2,000,000 ","YGG SEA, Infinity Ventures Crypto, PANONY","Feb 11, 2022",2022/11/12
167,GAMEE,Strategic Round,"$1,500,000 ",Binance Labs,"Feb 09, 2022",2022/11/12
168,Chain Of Alliance,Private Round,"$2,400,000 ","Kyros Ventures, ExNetwork Capital, Animoca Brands, Spartan Group, Coin98 Ventures, ZBS Capital, Dialectic Capital","Feb 07, 2022",2022/11/12
169,Pixels,Seed Round,"$2,400,000 ","Animoca Brands, PKOInvestments, OpenSea, UntappedCapital, Leonis Capital","Feb 04, 2022",2022/11/12
170,Metarun,Private Round,"$4,000,000 ","AU21 Capital, BBS Finance, X21 Digital, Dutch Crypto Investors, Genblock Capital, Magnus Capital, ZBS Capital, Icetea Labs, Moonrock Capital, Kairon Labs, Poolz","Feb 03, 2022",2022/11/12
171,Galaxy Fight Club,Seed Round,"$7,000,000 ","Animoca Brands, Sequoia Capital, TheCherninGroup, Sky Vision Capital, YGG SEA, Spartan Group, Sfermion, Astronaut Capital, Bondly, Double Peak, Formless Capital, MoonEdge, PANONY, Perion, Rarestone Capital, 18Ventures, Avocado Guild, GerstenbrotCapital, Huobi Capital, Infinity Ventures Crypto, Kucoin Labs, MEXCExchange, PKOInvestments, Polkastarter, Zokyo Ventures, KevinLin, KunGao, MattFinick","Feb 03, 2022",2022/11/12
172,Legends Of Elumia,Private Round,"$4,480,000 ","Animoca Brands, Maven Capital, Bullperks, Good Games Guild, MM Ventures","Feb 02, 2022",2022/11/12
173,Ajuna,Seed Round,"$2,000,000 ","Fundamental Labs, OKX, Signum Capital, Hillrise Capital, PreAngelFund, Longling Capital, GFS Ventures, Double Peak, Youbi Capital, Animoca Brands","Feb 02, 2022",2022/11/12
174,Bullieverse,Private Round,"$4,000,000 ",,"Feb 01, 2022",2022/11/12
175,Crypto Fight Club,Private Round,"$4,660,000 ","DuckDao, SkyBridge 20 Ventures, Legion Ventures, Dutch Crypto Investors, OIG Oracles Investment Group, CSP DAO, DEXT Force Ventures, Maximus Capital, Kangaroo Capital, Bullperks, Deltahub Capital, Seed Thrift Ventures","Jan 31, 2022",2022/11/12
176,Galaxy Blitz,Seed Round,"$10,000,000 ","Bybit, Gate.io Labs, Enjinstarter, Conflux Network, IoTeX","Jan 29, 2022",2022/11/12
177,Mecha Morphing,Private Round,"$4,500,000 ","AU21 Capital, Momentum 6, 3Commas, Spark Digital Capital, Shima Capital, ZBS Capital, HG Ventures (DAS Kapital), AC Capital, Maven Capital, Infinity Ventures Crypto, LucidBlue Ventures, Good Games Guild","Jan 27, 2022",2022/11/12
178,Business Age Of Empires,Seed Round,"$3,000,000 ","DH Capital, GroooInternational, Moonchase Asset Management, MetaUltraHoldings, D.Ragoon","Jan 27, 2022",2022/11/12
179,Cricket Star Manager,Private Round,"$2,000,000 ","Genesis Block Ventures, Spark Digital Capital, Solidity Ventures, Black Edge Capital, Maven Capital, Banter Capital, Oddiyana Ventures","Jan 26, 2022",2022/11/12
180,Arenum,Private Round,"$1,075,000 ","Dutch Crypto Investors, ZBS Capital, Pluto Digital Assets, Newtribe Capital, Basics Capital, 7 O’Clock Capital, Good Games Guild, Crypto Tamil Ventures","Jan 26, 2022",2022/11/12
181,Colizeum,Private Round,"$8,400,000 ","AU21 Capital, X21 Digital, Momentum 6, Dutch Crypto Investors, LD Capital, Genblock Capital, ZBS Capital, Pluto Digital Assets, Axia8 Ventures, SevenX Ventures, Kernel Ventures","Jan 26, 2022",2022/11/12
182,BreederDAO,Series A Round,"$10,000,000 ","Andreessen Horowitz, Delphi Digital, Hashed, Com2uS, Morningstar Ventures, Mechanism Capital, Sfermion, The Lao, Emfarsis","Jan 26, 2022",2022/11/12
183,Kyberdyne,Private Round,"$3,000,000 ","AU21 Capital, BBS Finance, Dutch Crypto Investors, LD Capital, Shima Capital, Kretos Ventures, WhiteList RU, Synapse Ventures, Global Key Investment, Alpha Moon Capital, Red Hat Capital","Jan 23, 2022",2022/11/12
184,Frontera,Strategic Round,-,"WadzPay, Tokoin","Jan 23, 2022",2022/11/12
185,STEPN,Seed Round,"$5,000,000 ","Sequoia Capital, Folius Ventures, Solana Capital, Alameda Research, DeFi Alliance, Sfermion, 6th Man Ventures, Lemniscap, Corner Ventures, M13, Spark Digital Capital, Morningstar Ventures, Openspace Ventures, Solar Eco Fund, WelinderShiCapital","Jan 22, 2022",2022/11/12
186,Heroes Of Mavia,Private Round,"$5,500,000 ","ExNetwork Capital, Mechanism Capital, Delphi Digital, Alameda Research, Animoca Brands, Genblock Capital, HashKey Capital, Double Peak, BITKRAFT Ventures, Binance Labs, Yield Guild Games, Merit Circle Investor","Jan 21, 2022",2022/11/12
187,SharkRace Club,Private Round,"$1,857,400 ",,"Jan 21, 2022",2022/11/12
188,Space Falcon,Seed Round,"$4,000,000 ","Solar Eco Fund, Momentum 6, Maven Capital, Lavender Capital, Magnus Capital, Unanimous Capital, Basics Capital, ExNetwork Capital, Peech Capital, Good Games Guild, ZBS Capital","Jan 20, 2022",2022/11/12
189,Carry1st,Series A Round,"$20,000,000 ","Andreessen Horowitz, Alphabet, Riot Games, Konvoy Ventures, TTV Capital, TheRaineGroup","Jan 20, 2022",2022/11/12
190,Digital Entertainment Asset,Seed Round,"$12,000,000 ","JAFCO, Spartan Group","Jan 20, 2022",2022/11/12
191,MetaGear,Private Round,"$2,800,000 ","Shima Capital, Poolz, SMO Capital, Maven Capital, Kretos Ventures, Bullperks, TK Ventures, Red Hat Capital, Coincu Ventures","Jan 19, 2022",2022/11/12
192,Spellfire,Private Round,"$3,800,000 ","X21 Digital, DAO Maker Investor, Shima Capital, Genblock Capital, Faculty Capital, Autonomy Capital, Maven Capital, IBC Group","Jan 19, 2022",2022/11/12
193,NCore Games,Series A Round,"$10,000,000 ","Animoca Brands, Galaxy Interactive, Polygon, Hyperedge Capital, AmitabhSinghal, SandeepNailwal, KanwaljitBombra, SohilChand, AshishChand, RamMadhvani, RakeshKaul, MannanAdenwala, SanjayNarang, TajHaslani, KristianSegerstrale, SanjayGondal, VedantBaali, KartikPrabhakara, PeterLeung, YashrajAkashi, AkshayChaturvedi","Jan 18, 2022",2022/11/12
194,I WORLD,Seed Round,"$6,800,000 ","Master Ventures, ExNetwork Capital, Polygon, Bullperks, X21 Digital, Roseon Finance, Poolz, WemadeTree, SunHungKai&Co.Limited, Animoca Brands, Part1Capital, Red Kite","Jan 17, 2022",2022/11/12
195,Heroes Chained,Private Round,"$3,137,500 ","Kyros Ventures, Avalanche, LD Capital, OKEx Blockdream Ventures, ROK Capital, Kosmos Ventures, Bering Waters, Avalaunch, MC Ventures (Muhabbit), AVentures Dao, Good Games Guild","Jan 13, 2022",2022/11/12
196,Fan Controlled Football,Series A Round,"$40,000,000 ","Animoca Brands, Delphi Digital, Gemini, 6th Man Ventures, JumpCrypto, Red Beard Ventures, Spartan Group, NGC Ventures, Sebastien Borget, Lightspeed Venture Partners, Talis Capital, Verizon Ventures, CorrelationVentures, BasecampFund","Jan 13, 2022",2022/11/12
197,Klay City,Strategic Round,-,OKX,"Jan 13, 2022",2022/11/12
198,Nunu Spirits,Private Round,"$1,620,000 ","X21 Digital, Magnus Capital, Metrix Capital, Bigcoin Capital, Lupa X Capital, Almora Capital, AZer Capital","Jan 12, 2022",2022/11/12
199,Engines Of Fury,Private Round,"$4,200,000 ","Kyros Ventures, Animoca Brands, LD Capital, Metrix Capital, Double Peak, Dweb3 Capital, Metavest Capital, Good Games Guild","Jan 12, 2022",2022/11/12
200,Kingdom Karnage,Seed Round,"$2,000,000 ","Enjin, ExNetwork Capital, JSquare, Hafen Ventures, AZer Capital, TAG Ventures, OIG Oracles Investment Group, Chronos Ventures, X21 Digital, Enjinstarter","Jan 11, 2022",2022/11/12
201,Tank Wars Zone,Seed Round,"$2,370,000 ","Fantom Foundation, DFG, JSquare, Newave Capital, HyperChain Capital, ZBS Capital, LD Capital, Halvings Capital, StakelyVC, Nodeseeds, Dutch Crypto Investors, CoinLab, Gem Capital, Basics Capital, BCA Investment, Octopus Crypto Capital, Dec Ventures, 7 O’Clock Capital, Maven Capital, Prometeus Labs, KVentureCapital","Jan 11, 2022",2022/11/12
202,Cross The Ages,Private Round,-,"GD10 Ventures, A195 Capital, Mechanism Capital, Morningstar Ventures, Genesis Block Ventures, Dutch Crypto Investors, Moon Inc, Rarestone Capital, Spark Digital Capital, Deep Ventures, Master Ventures","Jan 10, 2022",2022/11/12
203,Infinity Skies,Private Round,"$3,400,000 ","AU21 Capital, GD10 Ventures, BR Capital, Sky Vision Capital, DAO Maker Investor, OKEx Blockdream Ventures, Pluto Digital Assets, Gate.io Labs, Avstar Capital, DEXT Force Ventures, Dweb3 Capital","Jan 06, 2022",2022/11/12
204,Ancient Kingdom,Private Round,"$3,600,000 ","ExNetwork Capital, AU21 Capital, Dutch Crypto Investors, Insignius Capital, DAO Maker Investor, Magnus Capital, Vendetta Capital, PrivCode Capital (MEXC Exchange), R8 Capital, Gains Associates, ReBlock","Jan 06, 2022",2022/11/12
205,Starbots,Private Round,"$2,400,000 ","Kyros Ventures, ExNetwork Capital, DeFi Alliance, OKEx Blockdream Ventures, Bigcoin Capital, Solar Eco Fund, Parsiq, Kyber Network, TomoChain, Lua Ventures, Solana Eco Fund","Jan 04, 2022",2022/11/12
206,Plato Farm,Private Round,"$2,050,000 ","Huobi Capital, OKEx Blockdream Ventures, ZBS Capital, Chronos Ventures, OP Crypto, Cipholio Ventures, Formless Capital, BlockVenture","Jan 03, 2022",2022/11/12
207,Kingdom Karnage,Private Round,"$600,000 ","X21 Digital, Dutch Crypto Investors, OIG Oracles Investment Group, Chronos Ventures, Apollo Capital, TAG Ventures, Dreamboat Capital, AZer Capital, SKYX","Jan 03, 2022",2022/11/12
208,DarleyGo,Seed Round,-,"Jump Capital, GBV Capital, WaterDrip Capital, PANONY, GuildFi, Solar Eco Fund, Athena Ventures, ParibusVentures, Follow the Seed","Jan 02, 2022",2022/11/12
209,More Than Gamers,Seed Round,-,QGlobe,"Dec 31, 2021",2022/11/12
210,Overeality,Seed Round,"$5,000,000 ",DHVC,"Dec 31, 2021",2022/11/12
211,Sportium Fan,Seed Round,-,"Dapper Labs, Libertus Capital, Animoca Brands, Folius Ventures","Dec 29, 2021",2022/11/12
212,Fanfury,Seed Round,"$1,800,000 ","Lunatic Capital, GTCapital, MEXCExchange, Sky Vision Capital, Maven Capital, OIG Investment Group, Black Dragon, ExNetwork Capital","Dec 29, 2021",2022/11/12
213,Game Lounge,Private Round,"$1,775,000 ","ZBS Capital, Dec Ventures, WhiteList RU, Synapse Ventures, LPI DAO, INV Ventures, DCT Capital","Dec 28, 2021",2022/11/12
214,Battle Of Guardians,Private Round,"$4,400,000 ","ExNetwork Capital, Fomocraft Ventures, Titans Ventures, X21 Digital, NGC Ventures, Momentum 6, OIG Oracles Investment Group, Shima Capital, Master Ventures, Magnus Capital, ZBS Capital","Dec 28, 2021",2022/11/12
215,Ertha,Private Round,"$5,400,000 ","AU21 Capital, GD10 Ventures, X21 Digital, Momentum 6, ZBS Capital, HG Ventures (DAS Kapital), Dialectic Capital, Maven Capital, Zen Capital","Dec 27, 2021",2022/11/12
216,Monsterra,Private Round,"$1,560,000 ","Kyros Ventures, Shima Capital, Icetea Labs, Avstar Capital, Red Kite, OneMax Capital, Alpha Moon Capital, GameFi Investor, AZer Capital","Dec 27, 2021",2022/11/12
217,World Of Defish,Private Round,"$360,000 ","Phoenix Crypto VC, Poolz, Moondot Capital, Asteroid Capital, Babylons, AZer Capital","Dec 26, 2021",2022/11/12
218,Katana Inu,Private Round,"$4,750,000 ","LVT Capital, X21 Digital, OIG Oracles Investment Group, Master Ventures, Newtribe Capital, Metrix Capital, Aussie Capital, Girnas Capital, BCA Investment, Seed Thrift Ventures, IBC Group","Dec 26, 2021",2022/11/12
219,Ternoa,Private Round,"$2,200,000 ","Moonrock Capital, Vendetta Capital, Basics Capital, HG Ventures (DAS Kapital), LucidBlue Ventures","Dec 24, 2021",2022/11/12
220,Elfin Kingdom,Private Round,"$5,250,000 ",Merit Circle Investor,"Dec 23, 2021",2022/11/12
221,Dogeon,Private Round,"$2,440,000 ","Fomocraft Ventures, Gains Associates, Avstar Capital, BMW Capital, Kangaroo Capital, Infinity Ventures Crypto, Hafen Ventures","Dec 22, 2021",2022/11/12
222,Himo World,Private Round,"$1,700,000 ","ExNetwork Capital, Insignius Capital, Poolz, Oddiyana Ventures, AZer Capital","Dec 22, 2021",2022/11/12
223,Orbitau,Private Round,"$2,880,000 ","AU21 Capital, GD10 Ventures, X21 Digital, NGC Ventures, LD Capital, Icetea Labs, PrivCode Capital (MEXC Exchange), Lavender Capital, Coincu Ventures","Dec 22, 2021",2022/11/12
224,Luna Rush,Private Round,"$1,120,000 ","X21 Digital, Avstar Capital, Alpha Moon Capital, Dreamboat Capital, Onebit Ventures, Red Hat Capital","Dec 21, 2021",2022/11/12
225,StarSharks,Seed Round,"$4,800,000 ","3Commas, AC Capital, Binance Labs, Banter Capital, Bas1sVentures, Basics Capital, Bigcoin Capital, DAO Maker Investor, Everest Ventures Group, Everse Capital, ExNetwork Capital, ForwardAnalytics, Gate.io Labs, GeekCartel, Genblock Capital, Hyperedge Capital, Drops Ventures, JSquare, Kirin Fund, Krypital Group, Kucoin Labs, LD Capital, Momentum 6, MarketAcross, NGC Ventures, Redline DAO, SkymanVentures, SL2 Capital, Titans Ventures, UNIX, Vendetta Capital, Winkrypto, YBB Foundation, Infinity Ventures Crypto, YGG SEA","Dec 21, 2021",2022/11/12
226,Dogamí,Pre-Seed Round,"$6,000,000 ","Ubisoft, Animoca Brands, Sebastien Borget, ArthurMadrid, XAnge, Blockchain Founders Fund, GHAFCapitalPartners, Draper GorenHolm","Dec 21, 2021",2022/11/12
227,Animverse,Private Round,"$1,650,000 ","Avstar Capital, VBC Ventures, BSC Station, Onebit Ventures, Clovers Ventures, RR2 Capital","Dec 20, 2021",2022/11/12
228,Cowboy Snake,Seed Round,"$2,100,000 ","UFIN, ThuanCapital, OrenCTVentures, Onus, MoniHub, MEXCExchange, KiwiGROUP, Krypital Group","Dec 20, 2021",2022/11/12
229,Codyfight,Private Round,"$2,640,000 ","Kyros Ventures, DAO Maker Investor, Wings Ventures, Raptor Capital, Digital Strategies, Dweb3 Capital, Evangelion Capital, Impossible Finance Investor","Dec 19, 2021",2022/11/12
230,Space Crypto,Private Round,"$2,000,000 ","DAO Maker Investor, Avstar Capital, HG Ventures (DAS Kapital), Maven Capital, Red Hat Capital, BAS Ventures, KV Ventures","Dec 18, 2021",2022/11/12
231,Galaxy War,Private Round,"$3,400,000 ","Titans Ventures, GD10 Ventures, HG Ventures (DAS Kapital), Bullperks, Alpha Moon Capital, Onebit Ventures, Wildcat Ventures, Seed Thrift Ventures, IBC Group, RR2 Capital, GemsLab Ventures, Qu Ventures","Dec 18, 2021",2022/11/12
232,Wam,Private Round,"$2,260,000 ","X21 Digital, DAO Maker Investor, Signal Ventures, Gate.io Labs, Basics Capital, Double Peak, Grizzly Capital, Dec Ventures, LucidBlue Ventures","Dec 17, 2021",2022/11/12
233,Battle Saga,Private Round,"$1,920,000 ","ExNetwork Capital, BBS Finance, Dutch Crypto Investors, Magnus Capital, Avalon Wealth Club, Halvings Capital, Fairum, Oddiyana Ventures, GameFi Investor, CTG Capital, COINTCS Ventures","Dec 17, 2021",2022/11/12
234,Satoshi City,Private Round,"$4,152,500 ","Dutch Crypto Investors, OIG Oracles Investment Group, Magnus Capital, Polygon Studios, Kangaroo Capital, Avalon Wealth Club, Halvings Capital, Synapse Ventures, Kommunitas, Coincu Ventures, CTG Capital","Dec 17, 2021",2022/11/12
235,Rise Of Defenders,Private Round,"$2,050,000 ","ExNetwork Capital, AU21 Capital, 4SV, Magnus Capital, ZBS Capital, Blockpact Capital, R8 Capital, Avstar Capital, VBC Ventures, Metrix Capital, Lupa X Capital","Dec 17, 2021",2022/11/12
236,Gamesta,Private Round,"$6,400,000 ","Legion Ventures, Chain Capital, Grizzly Capital, BrotherHood Ventures, Oxbull, BCA Investment, LPI DAO","Dec 16, 2021",2022/11/12
237,Universe Island,Private Round,"$4,520,000 ","DuckDao, Dutch Crypto Investors, OIG Oracles Investment Group, Blockpact Capital, CSP DAO, Avstar Capital, BMW Capital, Parsiq, Dec Ventures, Kangaroo Capital, BrotherHood Ventures","Dec 16, 2021",2022/11/12
238,Astro Verse,Private Round,"$1,500,000 ","AU21 Capital, BSC Station, MH Ventures","Dec 16, 2021",2022/11/12
239,League Of Kingdoms,Private Round,"$3,100,000 ","Hashed, Sky Vision Capital, Andreessen Horowitz, BlockTower Capital, Binance Labs, Sequoia Capital","Dec 16, 2021",2022/11/12
240,CyBall,Seed Round,"$1,800,000 ","BITKRAFT Ventures, Impossible Finance Investor, Animoca Brands, Ascensive Assets, Yield Guild Games, Merit Circle Investor, GuildFi, Ancient8, Avocado Guild, Good Games Guild, Coin98 Ventures, Raydium, Lua Ventures, ROK Capital, PANONY, Sky Vision Capital, MEXCExchange, GabbyDizon, TrungNguyen, DarrenLau, Cryptopathic, TaschaPunyaneramitdee, LoiLuu, KevinLu, OrPerelman","Dec 16, 2021",2022/11/12
241,Legends Of Mitra,Private Round,"$1,000,000 ","ExNetwork Capital, X21 Digital, Momentum 6, 3Commas, Shima Capital, OKEx Blockdream Ventures, Icetea Labs, Youbi Capital, Metrix Capital, Basics Capital, Dweb3 Capital","Dec 15, 2021",2022/11/12
242,Angels Creed,Private Round,"$600,000 ","AU21 Capital, ZBS Capital, Basics Capital, BSC Station, Alpha Moon Capital, Onebit Ventures, idoresearch.ventures, RR2 Capital, DCT Capital","Dec 14, 2021",2022/11/12
243,Moonray,Seed Round,"$3,500,000 ","StacksAccelerator, Animoca Brands, SBXCapital, NewLayerCapital, GBV Capital, Cointelligence Fund, Fairum, GossamerCapital, OIG Investment Group, ExNetwork Capital, Metavest Capital, LucidBlue Ventures, LD Capital, Dweb3 Capital, ChampionHillVentures, Sfermion, LongHash Ventures, Deltahub Capital, DeSpread, CSP DAO, AlphaCryptoCapital","Dec 14, 2021",2022/11/12
244,Rumble Kong League,Seed Round,"$4,500,000 ","JDSSports, CAASports, Framework Ventures, IDEO CoLab Ventures, Animoca Brands, Sky Vision Capital, PaulGeorge, VictoryCreativeGroup, Sebastien Borget, ArthurMadrid","Dec 14, 2021",2022/11/12
245,SOUNI ,Private Round,"$2,900,000 ","Kyros Ventures, ExNetwork Capital, AU21 Capital, X21 Digital, Shima Capital, ZBS Capital, YBB Foundation, VBC Ventures, Launch Zone, Infinity Capital, Kretos Ventures","Dec 13, 2021",2022/11/12
246,Chumbi Valley,Private Round,"$1,000,000 ","Spark Digital Capital, Orion Protocol, Raptor Capital, Three M Capital, Cinch Block, Maven Capital, Everse Capital, Kucoin Labs, Asteroid Capital, TK Ventures, OnBlock Ventures, Lavender Capital","Dec 13, 2021",2022/11/12
247,VOID,Private Round,"$4,600,000 ","DuckDao, Dutch Crypto Investors, Shima Capital, Genblock Capital, Magnus Capital, DEXT Force Ventures, Maven Capital, Everse Capital","Dec 13, 2021",2022/11/12
248,The Parallel,Seed Round,"$4,300,000 ","Kyber Network, OKX, Moonrock Capital, GD10 Ventures, Signum Capital, UG Ventures, RADACommunity, Coincu Ventures","Dec 13, 2021",2022/11/12
249,AcadArena,Seed Round,"$3,500,000 ","1kx, Hashed, PKOInvestments, Kingsway Capital, Iterative, Infinity Ventures Crypto, EdenHoldings, HustleFund, KevinLin, KunGao, HollyLiu, PatrickLee, JeffZirlin, StephenEllis, MichaelChow, RayChan, YatSiu, AldrichTan, JonathanShipman","Dec 13, 2021",2022/11/12
250,MetaRacers,Private Round,"$1,770,000 ","AU21 Capital, Legion Ventures, Lotus Capital, Basics Capital, Alpha Moon Capital, Dreamboat Capital, Onebit Ventures, Infinity Ventures Crypto, Coincu Ventures, BAS Ventures, Traveler Capital","Dec 12, 2021",2022/11/12
251,Ftribe Fighters,Private Round,"$2,792,000 ","DAO Maker Investor, Icetea Labs, Raptor Capital, Red Kite, GameFi Investor, Lighthouse Ventures, Lavender Capital","Dec 12, 2021",2022/11/12
252,Stay In Destiny World,Private Round,"$1,450,000 ","AU21 Capital, Titans Ventures, Magnus Capital, ZBS Capital, Panda Capital, VBC Ventures, Chronos Ventures, Maven Capital, Asteroid Capital, VeriChains Lab, Avalon Wealth Club","Dec 12, 2021",2022/11/12
253,Solice,Seed Round,"$4,300,000 ","Three Arrows Capital, DeFiance Capital, Animoca Brands, Genblock Capital, Alameda Research, Solanium, CMS Holdings, Jump Capital, Sky Vision Capital, Kucoin Labs, TK Ventures","Dec 12, 2021",2022/11/12
254,MetaGods,Private Round,"$3,800,000 ","Hashed, Magnus Capital, Icetea Labs, Raptor Capital, Cinch Block, Faculty Capital, CoinUnited Capital, Banter Capital","Dec 10, 2021",2022/11/12
255,GemUni,Private Round,"$2,000,000 ","Kyros Ventures, ExNetwork Capital, Shima Capital, ZBS Capital, Gains Associates, HG Ventures (DAS Kapital), Coincu Ventures, Kyber Network, KiwiGROUP","Dec 11, 2021",2022/11/12
256,Rainmaker Games,Seed Round,"$6,500,000 ","Alameda Research, Animoca Brands, Polygon Studios, CoinFund, RepublicRealm, Sky Vision Capital, Merit Circle Investor, Genblock Capital, DraftVentures, Liberty CityVentures, CMS Holdings","Dec 09, 2021",2022/11/12
257,Palm NFT Studio,Series B Round,"$27,000,000 ","M12, Griffin Gaming Partners, RREVentures, 3KVC, Sfermion, The Lao, WarnerBros., SKInc.","Dec 09, 2021",2022/11/12
258,Defiance Games,Pre-Seed Round,"$100,000 ",Antler,"Dec 09, 2021",2022/11/12
259,Arker,Private Round,"$2,410,460 ","ExNetwork Capital, X21 Digital, Momentum 6, Spark Digital Capital, Magnus Capital, Avstar Capital, Raptor Capital, Basics Capital, Cinch Block, Blockchain Israel, Maven Capital","Dec 08, 2021",2022/11/12
260,Starly,Private Round,"$6,100,000 ","Animoca Brands, Spartan Group, Momentum 6, LD Capital, Sky Vision Capital, Spark Digital Capital, Shima Capital, ZBS Capital, Pluto Digital Assets, Axia8 Ventures, Moonrock Capital","Dec 07, 2021",2022/11/12
261,Cowboy Snake,Private Round,"$2,100,000 ","Avstar Capital, OnBlock Ventures, Onebit Ventures, CoinF Ventures, BAS Ventures, KV Ventures, ARC Ventures","Dec 07, 2021",2022/11/12
262,CryptoTanks,Private Round,"$1,190,000 ","AU21 Capital, LVT Capital, Magnus Capital, Gains Associates, Fairum","Dec 06, 2021",2022/11/12
263,Zombie World Z,Private Round,"$1,625,000 ","Titans Ventures, X21 Digital, Spark Digital Capital, ZBS Capital, BSC Station, Onebit Ventures, KV Ventures","Dec 06, 2021",2022/11/12
264,Nitro League,Private Round,"$5,000,000 ","NGC Ventures, Morningstar Ventures, LD Capital, Huobi Capital, ZBS Capital, Axia8 Ventures, SL2 Capital, Double Peak, Yield Guild Games, Woodstock Fund, Extra Watts, Infinity Ventures Crypto","Dec 06, 2021",2022/11/12
265,The Wasted Lands,Private Round,"$2,300,000 ","X21 Digital, Momentum 6, Genblock Capital, Magnus Capital, OKEx Blockdream Ventures, WaterDrip Capital, Avstar Capital, Panda Capital, VBC Ventures, Bigcoin Capital, Basics Capital","Dec 06, 2021",2022/11/12
266,Last Survivor,Private Round,"$2,655,360 ","AU21 Capital, X21 Digital, Dreamboat Capital, Onebit Ventures, Azcoinvest, Seed Thrift Ventures, Enjinstarter, Seedify, Gem Capital, Traveler Capital, R-930 Capital","Dec 05, 2021",2022/11/12
267,Monster Battle,Private Round,"$650,000 ","Legion Ventures, OIG Oracles Investment Group, Avstar Capital, Infinity Gainz, Oddiyana Ventures, Babylons, Thinksmart Brother, BullishBlock Capital, Asteroid Ventures, INTR Ventures, DCT Capital","Dec 05, 2021",2022/11/12
268,Affyn,Private Round,"$7,300,000 ","Dutch Crypto Investors, BrotherHood Ventures, Kommunitas, Red Hat Capital, Thinksmart Brother, BullishBlock Capital, Three Lions Capital","Dec 03, 2021",2022/11/12
269,Zomfi,Private Round,"$2,600,000 ","ExNetwork Capital, Titans Ventures, X21 Digital, Legion Ventures, Dutch Crypto Investors, OIG Oracles Investment Group, Magnus Capital, Gains Associates, Basics Capital, BMW Capital, Maven Capital","Dec 02, 2021",2022/11/12
270,Kryxivia,Private Round,"$600,000 ","Everse Capital, Bullperks, Starter Capital, DCT Capital","Dec 02, 2021",2022/11/12
271,CryptoVsZombie,Private Round,"$2,325,000 ",,"Dec 02, 2021",2022/11/12
272,KingdomX,Private Round,"$2,090,000 ","LongHash Ventures, LD Capital, DAO Maker Investor, Signum Capital, Double Peak, Dweb3 Capital, Maven Capital, Gamestarter, Good Games Guild","Dec 02, 2021",2022/11/12
273,Crypto Fight Club,Seed Round,"$3,150,000 ","AU21 Capital, X21 Digital, Genesis Block Ventures, Shima Capital, Maven Capital, RR2 Capital","Nov 30, 2021",2022/11/12
274,Geopoly,Private Round,"$2,300,000 ","AU21 Capital, GD10 Ventures, X21 Digital, Dutch Crypto Investors, OIG Oracles Investment Group, Insignius Capital, Arkn, Solana Capital, Avalon Wealth Club, Kent Capital VC, LPI DAO","Nov 30, 2021",2022/11/12
275,ZEPETO,Series B Round,"$189,000,000 ","SoftBank, HYBE, Mirae Asset Global Investments, NaverWebtoon, JYP","Nov 30, 2021",2022/11/12
276,Meland.Ai,Private Round,"$2,100,000 ","ExNetwork Capital, AU21 Capital, Titans Ventures, X21 Digital, Momentum 6, ZBS Capital, Gains Associates, Avstar Capital, Panda Capital, Basics Capital","Nov 29, 2021",2022/11/12
277,Diviner Protocol,Private Round,"$1,255,000 ","Spark Digital Capital, ZBS Capital, Banter Capital","Nov 29, 2021",2022/11/12
278,Imperium Empires,Private Round,"$2,000,000 ","Kyros Ventures, Genesis Block Ventures, Avalanche, CMS Holdings, A&amp;T Capital, BenQi, Avatar, Keychain Capital","Nov 29, 2021",2022/11/12
279,Metastrike,Private Round,"$3,300,000 ","ExNetwork Capital, GD10 Ventures, X21 Digital, Shima Capital, Master Ventures, Magnus Capital, Gains Associates, Maven Capital, Jump Capital, Seedify, Dreamboat Capital","Nov 25, 2021",2022/11/12
280,Hydraverse,Private Round,"$1,700,000 ","ExNetwork Capital, X21 Digital, BSC News, VBC Ventures, Everse Capital, Avalon Wealth Club, Alpha Moon Capital, Roseon Finance, Almora Capital","Nov 25, 2021",2022/11/12
281,Gunstar Metaverse,Private Round,"$2,300,000 ","Hashed, Spark Digital Capital, DAO Maker Investor, Magnus Capital, Icetea Labs, Wings Ventures, Raptor Capital, Black Ventures","Nov 24, 2021",2022/11/12
282,Atlantis Metaverse,Private Round,"$1,950,000 ","Legion Ventures, LD Capital, ZBS Capital, Poolz, Basics Capital, SMO Capital, Maven Capital, Aussie Capital, Asteroid Capital, Oddiyana Ventures, Dreamboat Capital","Nov 24, 2021",2022/11/12
283,Happy Land,Private Round,"$2,970,000 ","Kyros Ventures, AU21 Capital, ZBS Capital, Gains Associates, Kryptos Research, SMO Capital, DEXT Force Ventures, Maven Capital, Kyber Network, Kucoin Labs, Banter Capital, TK Ventures","Nov 24, 2021",2022/11/12
284,Blockade Games,Seed Round,"$5,000,000 ","Animoca Brands, DrewAustin, FlamingoDAO, Galaxy Interactive, RohamGharegozlou, KeithGrossman, MeltemDemirors, Xsquared Ventures, Polygon, AlexAmsel, MikeDudas, ChristineMoy, AlexAtallah, DavidFinzer, GabbyDizon, TeganKline, AngieDalton, JimmyMcNelis, ViktorBunin, AxelAdelman, AurelIancu, DuncanCockFoster","Nov 24, 2021",2022/11/12
285,GAMA,Series A Round,"$6,000,000 ","Collab+Currency, Synergis, A&T Capital, Shima Capital, Sfermion, ArtistCapital, J17Capital, Lattice, VeraLi, FutureMoneyAdvisory","Nov 24, 2021",2022/11/12
286,TryHards,Private Round,"$3,580,000 ","GD10 Ventures, Momentum 6, DuckDao, ZBS Capital, Nabais Capital, Basics Capital, Brilliance Ventures, Oddiyana Ventures, Kommunitas, LucidBlue Ventures","Nov 23, 2021",2022/11/12
287,Age Of Tanks,Private Round,"$1,560,000 ","Shima Capital, Avstar Capital, Panda Capital, Chronos Ventures, Maven Capital, Alpha Moon Capital, Babylons, LucidBlue Ventures, X99 Ventures, Traveler Capital, Dream Ventures PH","Nov 23, 2021",2022/11/12
288,MetaSoccer,Private Round,"$1,800,000 ","Kyros Ventures, DAO Maker Investor, DeFiance Capital, ParaFi Capital, Metrix Capital, Peech Capital, ReBlock","Nov 23, 2021",2022/11/12
289,Polemos,Seed Round,"$2,000,000 ","Delphi Digital, QCP Soteria, Framework Ventures, DeFi Capital","Nov 23, 2021",2022/11/12
290,UpOnly,Private Round,"$7,400,000 ","OIG Oracles Investment Group, Signal Ventures, ZBS Capital, CSP DAO, Maven Capital, Everse Capital, Avalon Wealth Club, Synapse Ventures, Kent Capital VC, Roseon Finance, Almora Capital","Nov 22, 2021",2022/11/12
291,Polemos,Strategic Round,"$2,000,000 ","Delphi Digital, QCP Soteria, Framework Ventures, DeFi Capital","Nov 22, 2021",2022/11/12
292,Fancy Birds,Seed Round,-,"Merit Circle Investor, Yield Guild Games, Polemos, YGG SEA, Framework Ventures","Nov 22, 2021",2022/11/12
293,Real Realm,Private Round,"$1,200,000 ","AU21 Capital, Lotus Capital, Kardia Ventures, Alpha Moon Capital, Dreamboat Capital, Onebit Ventures, Wildcat Ventures, Kylin Network, KV Ventures, INTR Ventures, DCT Capital","Nov 20, 2021",2022/11/12
294,VerseHub,Seed Round,"$1,000,000 ",GameFi Investor,"Nov 19, 2021",2022/11/12
295,Space Falcon,Private Round,"$4,032,000 ","ExNetwork Capital, Momentum 6, Magnus Capital, OKEx Blockdream Ventures, ZBS Capital, Avstar Capital, Peech Capital, Basics Capital, Solar Eco Fund, Maven Capital, Unanimous Capital","Nov 18, 2021",2022/11/12
296,CrimeCash,Private Round,"$8,000,000 ",,"Nov 17, 2021",2022/11/12
297,OneRare,Private Round,"$2,050,000 ","ExNetwork Capital, X21 Digital, Momentum 6, ZBS Capital, CSP DAO, Kardia Ventures, ArkStream Capital, Polygon Studios, Stable Node, Maven Capital, Everse Capital","Nov 17, 2021",2022/11/12
298,GridZone.Io,Private Round,"$4,319,450 ","Altonomy, ZBS Capital, Borderless Capital, TAG Ventures, IBC Group","Nov 17, 2021",2022/11/12
299,SIDUS,Private Round,"$8,820,000 ","Legion Ventures, OIG Oracles Investment Group, ZBS Capital, Maven Capital, Dec Ventures, Banter Capital, Asteroid Capital, Onebit Ventures, Almora Capital, CMC Capital, Metavest Capital","Nov 17, 2021",2022/11/12
300,Playermon,Private Round,"$2,450,000 ","Kyros Ventures, X21 Digital, Signal Ventures, CSP DAO, Polygon Studios, Banter Capital, BCA Investment, Oddiyana Ventures, Dreamboat Capital, Red Hat Capital","Nov 16, 2021",2022/11/12
301,Decimated,Private Round,"$3,500,000 ","Alameda Research, Spartan Group, Huobi Capital, Metavest Capital, Mechanism Capital, Master Ventures, Gains Associates, Spark Digital Capital, Polygon, IsraeliBlockchainAssociation, Three M Capital, Bixin Ventures, Gem Capital, Dutch Crypto Investors, Titans Ventures, Good Games Guild, Cointelligence Fund, Pluto Digital Assets","Nov 17, 2021",2022/11/12
302,Attack Wagon,Private Round,"$1,910,000 ","ExNetwork Capital, X21 Digital, Dutch Crypto Investors, Polygon Studios, RedCave Ventures, Maven Capital, ReBlock, Aussie Capital, Tokenova, BrotherHood Ventures, BCA Investment","Nov 15, 2021",2022/11/12
303,Irreverent Labs,Seed Round,"$5,000,000 ","Andreessen Horowitz, MantisVC, UnlockVenturePartners, AdvancitCapital, KeenCrypto","Nov 15, 2021",2022/11/12
304,Heroes TD,Private Round,"$2,246,400 ","Kardia Ventures, BSC Station, Alpha Moon Capital, Wildcat Ventures, Babylons, UFIN, BAS Ventures, KV Ventures","Nov 12, 2021",2022/11/12
305,DopeWarz,Private Round,"$2,325,000 ","Fomocraft Ventures, Legion Ventures, Avstar Capital, Peech Capital, Avalon Wealth Club, TK Ventures, Roseon Finance","Nov 12, 2021",2022/11/12
306,Zuki Moba,Private Round,"$1,400,000 ","X21 Digital, Krypital Group, Axia8 Ventures, Bixin Ventures, VBC Ventures, Kyber Network, Alpha Moon Capital, Onebit Ventures, Clovers Ventures, Wildcat Ventures, Thinksmart Brother","Nov 11, 2021",2022/11/12
307,DigiNation,Seed Round,"$2,400,000 ","LongHash Ventures, OKX, Huobi Capital, Rarestone Capital, Spark Digital Capital, Yuanyuzhou Ventures, 21DAOVentures","Nov 11, 2021",2022/11/12
308,Titan Hunters,Private Round,"$2,070,000 ","ExNetwork Capital, AU21 Capital, DAO Maker Investor, Icetea Labs, Vendetta Capital, Avstar Capital, Panda Capital, Raptor Capital, Chronos Ventures, Basics Capital, Cinch Block","Nov 10, 2021",2022/11/12
309,Moonscape,Private Round,"$25,000 ","Momentum 6, Sky Vision Capital, ZBS Capital, Pluto Digital Assets, Kairon Labs, Solidity Ventures, Basics Capital, Moonboots Capital, Black Edge Capital, Cointelligence Fund, Banter Capital","Nov 09, 2021",2022/11/12
310,ASPO World,Private Round,"$1,575,000 ","ZBS Capital, Icetea Labs, Vendetta Capital, Avstar Capital, HG Ventures (DAS Kapital), Everse Capital, Halvings Capital, OneMax Capital, Gem Capital, Cabo Capital, CFL Venture Group, Coincu Ventures","Nov 09, 2021",2022/11/12
311,Zodium,Private Round,"$3,350,000 ","Kyros Ventures, AU21 Capital, Morningstar Ventures, Momentum 6, ROK Capital, SL2 Capital, Basics Capital, HG Ventures (DAS Kapital), Dweb3 Capital, Bybit, Evernew Capital","Nov 09, 2021",2022/11/12
312,ECIO Space,Private Round,"$1,093,750 ","Magnus Capital, ZBS Capital, Poolz, Avstar Capital, Chronos Ventures, Iconium, SMO Capital, Asteroid Capital, TK Ventures, Babylons, Mochi Market","Nov 09, 2021",2022/11/12
313,RaceFi,Private Round,"$2,850,000 ","ExNetwork Capital, Titans Ventures, X21 Digital, Shima Capital, Genblock Capital, Master Ventures, Magnus Capital, ZBS Capital, Avstar Capital, VBC Ventures, Basics Capital","Nov 08, 2021",2022/11/12
314,Rct AI,Series A Round,"$10,000,000 ","Yuanyuzhou Ventures, SpringWind Ventures, Galaxy Interactive, Bonfire Ventures, Everest Ventures Group, FBG Capital, Folius Ventures, HashKey Capital, Hash Global, LiangXinjun, LucidBlue Ventures, MaskNetwork, PKSHACapital, SNZ Holding, Zonff Partners","Nov 08, 2021",2022/11/12
315,9D NFT,Private Round,"$2,945,760 ","ExNetwork Capital, X21 Digital, NGC Ventures, Genesis Block Ventures, ZBS Capital, Lotus Capital, Avstar Capital, Kardia Ventures, Basics Capital, Everse Capital, RD Labs (Rug Detectives)","Nov 06, 2021",2022/11/12
316,Lord Arena,Private Round,"$1,500,000 ","GD10 Ventures, Poolz, Basics Capital, Kommunitas, LAMBO Capital, GemsLab Ventures","Nov 06, 2021",2022/11/12
317,Ninneko,Private Round,"$1,050,000 ","Shima Capital, Avstar Capital, Mayor Capital, Dreamboat Capital, Seed Thrift Ventures, Red Hat Capital, idoresearch.ventures, RR2 Capital, GemsLab Ventures","Nov 05, 2021",2022/11/12
318,Crabada,Private Round,"$600,000 ","Avalanche, Sky Vision Capital, Zee Prime Capital, Maven Capital, Avalaunch","Nov 05, 2021",2022/11/12
319,Core Loop,Seed Round,"$12,000,000 ","Andreessen Horowitz, Galaxy Digital, InitialCapital, Dune Ventures, 1UpVentures, SisuGameVentures","Nov 05, 2021",2022/11/12
320,Bemil,Private Round,"$1,655,000 ","Fomocraft Ventures, Icetea Labs, Avstar Capital, Basics Capital, PolkaFoundry, Red Kite, GameFi Investor","Nov 04, 2021",2022/11/12
321,Scotty Beam,Private Round,"$4,237,500 ","X21 Digital, Legion Ventures, OIG Oracles Investment Group, Magnus Capital, CyberFi, VBC Ventures, Basics Capital, Chainstride Capital, Moonboots Capital, Maven Capital, Kangaroo Capital","Nov 04, 2021",2022/11/12
322,TaleCraft,Private Round,"$1,533,000 ","ExNetwork Capital, Dutch Crypto Investors, ZBS Capital, Maven Capital, Kangaroo Capital, Avalaunch, Ferrum Network, Babylons, AVentures Dao, RR2 Capital","Nov 04, 2021",2022/11/12
323,WidiLand,Private Round,"$1,210,000 ","AU21 Capital, X21 Digital, OIG Oracles Investment Group, Shinchan Group, ZBS Capital, TomoChain, Lua Ventures, BSC Station, Oddiyana Ventures, Alpha Moon Capital, Dreamboat Capital","Nov 04, 2021",2022/11/12
324,Faraway,Series A Round,"$21,000,000 ","Andreessen Horowitz, Sequoia Capital, Jump Capital, Lightspeed Venture Partners, FTX, Pantera Capital","Nov 04, 2021",2022/11/12
325,Animalia,Private Round,"$1,879,200 ","ExNetwork Capital, GD10 Ventures, Master Ventures, Gains Associates, BSC News, Banter Capital, Roseon Finance, Lavender Capital","Nov 03, 2021",2022/11/12
326,Nyan Heroes,Seed Round,"$2,500,000 ","Three Arrows Capital, Mechanism Capital, DeFiance Capital, Sino Global Capital, Infinity Ventures Crypto, Sky Vision Capital, Yield Guild Games, Merit Circle Investor, KevinLin, ThomasVu, JihanWu, DarrenLau, Mr.Block","Nov 03, 2021",2022/11/12
327,Phantasia Sports,Private Round,"$1,850,000 ",,"Nov 02, 2021",2022/11/12
328,Oly Sport,Private Round,"$2,000,000 ","X21 Digital, Genesis Block Ventures, Genblock Capital, ZBS Capital, VBC Ventures, Basics Capital, Everse Capital, ReBlock, BSC Station, Halvings Capital, Onebit Ventures","Nov 01, 2021",2022/11/12
329,Koi Metaverse,Private Round,"$2,600,000 ","Kyros Ventures, ExNetwork Capital, AU21 Capital, Titans Ventures, X21 Digital, ZBS Capital, Signum Capital, Maven Capital, Alpha Moon Capital, Gem Capital","Nov 01, 2021",2022/11/12
330,Elpis Battle,Private Round,"$2,150,000 ","Kyros Ventures, Fomocraft Ventures, Coin98 Ventures, Hashed, Signum Capital, HyperChain Capital, DeFi Capital, Kyber Network, SotaTek, KV Ventures","Oct 29, 2021",2022/11/12
331,ArenaX Labs,Seed Round,"$5,000,000 ","Paradigm, Framework Ventures","Oct 28, 2021",2022/11/12
332,Hawku,Seed Round,"$4,000,000 ","Lightspeed Venture Partners, Dragonfly Capital, Multicoin Capital, Alameda Research, Animoca Brands, Solana Capital, Virtual Human Studio, eiventures","Oct 28, 2021",2022/11/12
333,Starchi,Private Round,"$704,000 ","Minted Lab, Empire Global Partners, ZBS Capital, VBC Ventures, Polygon Studios, Chainstride Capital, Halvings Capital, RD Labs (Rug Detectives), Starter Capital","Oct 27, 2021",2022/11/12
334,XHashtag,Private Round,"$2,600,000 ","ExNetwork Capital, Titans Ventures, Dutch Crypto Investors, OIG Oracles Investment Group, Avstar Capital, RR2 Capital","Oct 27, 2021",2022/11/12
335,Sipher,Seed Round,"$6,800,000 ","Delphi Digital, Alameda Research, Genesis Block Ventures, Coin98 Ventures, Hashed, Dragonfly Capital, Fenbushi Capital, DeFiance Capital, Arrington XRP Capital, CMT Digital, Signum Capital, HyperChain Capital, BITKRAFT Ventures, Sfermion, Kyber Network, Konvoy Ventures, LootSquad, Salad Ventures, GuildFi, Yield Guild Games, Merit Circle Investor, Perion, Avocado DAO, Ancient8, IndiGG, YGG SEA","Oct 26, 2021",2022/11/12
336,KingSpeed,Private Round,"$1,200,000 ","Kyros Ventures, AU21 Capital, Dutch Crypto Investors, Crypto Dorm Fund, ZBS Capital, Icetea Labs, Lotus Capital, Basics Capital, Maven Capital, Red Kite, Asteroid Capital","Oct 26, 2021",2022/11/12
337,Moo Monster,Private Round,"$1,270,750 ","ExNetwork Capital, Titans Ventures, X21 Digital, Dutch Crypto Investors, OIG Oracles Investment Group, Shima Capital, Gains Associates, Avstar Capital, VBC Ventures, Paradigm, Tokenova","Oct 25, 2021",2022/11/12
338,OnChain Studios,Seed Round,"$7,500,000 ","Andreessen Horowitz, Dapper Labs, DraperAssociates, CoinFund, SoundVentures, Collab+Currency, WndrCo, Ashton Kutcher, JonOringer, MiamiAngels, JoseI.Rasco, MarcoGiberti, PatrickFinnegan, AlexandraWilkisWilson, ChrisAdamo, RandiWolfson, AlexanderTaub, AdamGarfield, DavidGoldberg, DemianBellumio, MarkKingdon, RaulMoas, WifredoFernandez, TigreWenrich, JuhaMikkola, JohannaMikkola, SimkinsLLP, JuanPabloCappello, CarlosDomingo, AmandaGoetz, DanBerger, AndrewSteinwold, AlTylis, Pareto","Oct 25, 2021",2022/11/12
339,The Monopolist,Private Round,"$750,000 ","AU21 Capital, X21 Digital, Dutch Crypto Investors, OIG Oracles Investment Group, Poolz, VBC Ventures, Darkpool Ventures, Infinity Capital, FOMO Chronicles, Kangaroo Capital, Oxbull","Oct 24, 2021",2022/11/12
340,PlaceWar,Private Round,"$2,200,000 ","Kyros Ventures, ExNetwork Capital, AU21 Capital, X21 Digital, Dutch Crypto Investors, LD Capital, ZBS Capital, Icetea Labs, VBC Ventures, Metrix Capital, Megala Ventures","Oct 24, 2021",2022/11/12
341,PolkaPets,Seed Round,"$3,100,000 ","Animoca Brands, Sky Vision Capital, JSquare, WaterDrip Capital, Hillrise Capital, 3Commas, MANTRADAO, Gate.io Labs, Icetea Labs, DuckDao, Panda Capital, Everse Capital, BitMart, CryptoDiffer, DFG, MEXCExchange, NetVRk, CrustNetwork","Oct 24, 2021",2022/11/12
342,Yarloo,Private Round,"$1,550,000 ","Dutch Crypto Investors, OIG Oracles Investment Group, Insignius Capital, Black Dragon, Infinity Capital, WhiteList RU, Bullperks, Synapse Ventures, Avisa Ventures Capital, Alpha Moon Capital, Seed Thrift Ventures","Oct 21, 2021",2022/11/12
343,HeroFi,Private Round,"$1,600,000 ","Titans Ventures, GD10 Ventures, Avstar Capital, Kardia Ventures, HG Ventures (DAS Kapital), Infinity Capital, Mayor Capital, TK Ventures, Alpha Moon Capital, UB Ventures, Roseon Finance","Oct 21, 2021",2022/11/12
344,MonkeyLeague,Private Round,"$2,880,000 ","Morningstar Ventures, CMS Holdings, LongHash Ventures, ZBS Capital, Jump Trading, Republic Labs, NFX, Solana Capital, Banter Capital","Oct 21, 2021",2022/11/12
345,HowlCity,Private Round,"$1,445,000 ",,"Oct 21, 2021",2022/11/12
346,DragonKart,Private Round,"$1,100,000 ",,"Oct 21, 2021",2022/11/12
347,Dreams Quest,Private Round,"$4,000,000 ","AU21 Capital, Momentum 6, DuckDao, Icetea Labs, Black Dragon, Plutus.vc, SL2 Capital, Twin Apex Capital, Moonboots Capital, Bullish Unicorn, PolkaFoundry","Oct 20, 2021",2022/11/12
348,Legend Of Fantasy War,Private Round,"$2,500,000 ","Kyros Ventures, AU21 Capital, X21 Digital, Morningstar Ventures, Momentum 6, Spark Digital Capital, Lancer Capital, Genblock Capital, Master Ventures, ZBS Capital, Lotus Capital","Oct 20, 2021",2022/11/12
349,Vorto Gaming,Seed Round,"$4,000,000 ","Flow Ventures, LD Capital, Block0, DaedalusAngelSyndicate, NEAR Foundation, RedCave Ventures, ArkStream Capital, GFS Ventures, Polygon Studios, OWC","Oct 20, 2021",2022/11/12
350,FuruKuru,Private Round,"$960,000 ","AU21 Capital, X21 Digital, Magnus Capital, ZBS Capital, Poolz, VBC Ventures, Basics Capital, Maven Capital, Everse Capital, Banter Capital, CCIX global, Red Hat Capital","Oct 19, 2021",2022/11/12
351,MetaWars,Private Round,"$2,050,000 ","X21 Digital, Magnus Capital, Icetea Labs, Infinity Gainz, Raptor Capital, Double Peak, CoinUnited Capital, Everse Capital","Oct 19, 2021",2022/11/12
352,Concept Art House,Series A Round,"$25,000,000 ","Dapper Labs, Animoca Brands, AnthosCapital, Appworks, BlockchainCoinvestors, Fabric Ventures, HashKey Capital, Liberty CityVentures, PKOInvestments, PolymorphicCapital, ProtocolLabs, Red Beard Ventures, Spartan Group, JeffZirlin, GabbyDizon, VinnyLingham, KevinLin, Onefootball","Oct 19, 2021",2022/11/12
353,Chimeras,Private Round,"$1,920,000 ","AU21 Capital, LVT Capital, X21 Digital, OIG Oracles Investment Group, Shima Capital, Master Ventures, Lotus Capital, Chain Ridge Capital, Poolz, Avstar Capital, Polygon Studios","Oct 18, 2021",2022/11/12
354,Meta Spatial,Private Round,"$2,130,000 ","AU21 Capital, X21 Digital, OKEx Blockdream Ventures, ZBS Capital, Icetea Labs, Poolz, PrivCode Capital (MEXC Exchange), Avstar Capital, Basics Capital, Maven Capital, Everse Capital","Oct 18, 2021",2022/11/12
355,Gaia Everworld,Private Round,"$3,700,000 ","ExNetwork Capital, AU21 Capital, GD10 Ventures, Momentum 6, Legion Ventures, Dutch Crypto Investors, OIG Oracles Investment Group, Shima Capital, Pluto Digital Assets, Black Dragon, PrivCode Capital (MEXC Exchange)","Oct 16, 2021",2022/11/12
356,Laguna Games,Seed Round,"$5,000,000 ","BITKRAFT Ventures, Transcent Fund, Delphi Digital, Polygon Studios","Oct 15, 2021",2022/11/12
357,The Killbox,Private Round,"$2,300,000 ","ExNetwork Capital, Dutch Crypto Investors, OIG Oracles Investment Group, OKEx Blockdream Ventures, HG Ventures (DAS Kapital), TK Ventures, Dreamboat Capital, Kommunitas, INTR Ventures, RR2 Capital, WeeHODL","Oct 14, 2021",2022/11/12
358,Sin City,Private Round,"$1,960,000 ","AU21 Capital, Magnus Capital, Twin Apex Capital, Polygon Studios, Grizzly Capital, Maven Capital, Red Kite, Banter Capital, Bullperks, CCIX global","Oct 13, 2021",2022/11/12
359,DeHorizon,Private Round,"$8,500,000 ",Yield Guild Games,"Oct 12, 2021",2022/11/12
360,Polygonum Online,Seed Round,"$1,520,000 ","Kyros Ventures, DAO Maker Investor, ZBS Capital, Icetea Labs, Metrix Capital, Raptor Capital, ReBlock, idoresearch.ventures, Marcius Capital","Oct 11, 2021",2022/11/12
361,Hero Arena,Private Round,"$590,000 ","ExNetwork Capital, AU21 Capital, Minted Lab, X21 Digital, Dutch Crypto Investors, Magnus Capital, Poolz, Gate.io Labs, Chronos Ventures, Basics Capital, HG Ventures (DAS Kapital)","Oct 11, 2021",2022/11/12
362,Elpis Battle,Seed Round,"$2,150,000 ","Hashed, HyperChain Capital, Kyber Network, Signum Capital, DeFi Capital, Fomocraft Ventures, Coin98 Ventures, SotaTek, Kyros Ventures, Avocado Guild, VCCHoldings, ZegoStudio","Oct 11, 2021",2022/11/12
363,TapMe,Private Round,"$445,000 ","OIG Oracles Investment Group, ZBS Capital, Aussie Capital, AVA Capital","Oct 10, 2021",2022/11/12
364,Treeverse,Seed Round,-,"IDEO CoLab Ventures, Animoca Brands, Sky Vision Capital, StaniKulechov","Oct 10, 2021",2022/11/12
365,PlayDapp,Private Round,"$500,000 ","BlockTower Capital, Vestigium, Blocore, Quest Capital","Oct 07, 2021",2022/11/12
366,OP Games,Private Round,"$8,600,000 ","ExNetwork Capital, Protocol Ventures, X21 Digital, Mechanism Capital, Morningstar Ventures, Spartan Group, Momentum 6, BR Capital, LongHash Ventures, DeFi Alliance, Dutch Crypto Investors","Oct 07, 2021",2022/11/12
367,Demole,Private Round,"$1,937,500 ","X21 Digital, LD Capital, Magnus Capital, Metrix Capital, Raptor Capital, Lupa X Capital, AC Capital, Interchain Ventures, ReBlock","Oct 06, 2021",2022/11/12
368,Pegaxy,Private Round,"$2,500,000 ","Kyros Ventures, Momentum 6, Dutch Crypto Investors, Poolz, TAG Ventures, BAP Ventures, Asteroid Capital, TK Ventures","Oct 06, 2021",2022/11/12
369,CheersLand,Private Round,"$2,040,000 ","X21 Digital, Dutch Crypto Investors, Regain Ventures, Gains Associates, Kangaroo Capital, Avalon Wealth Club, Dreamboat Capital, J8 Capital, Seed Thrift Ventures, INTR Ventures, DCT Capital, Crypto Tamil Ventures","Oct 05, 2021",2022/11/12
370,Warena,Private Round,"$1,500,000 ","Kyros Ventures, Animoca Brands, Momentum 6, DAO Maker Investor, Master Ventures, Polygon Studios, Infinity Capital, Red Kite, Paid Network, Clovers Ventures, GameFi Investor, Genesis Builders Fund","Oct 04, 2021",2022/11/12
371,Cryowar,Private Round,"$3,080,000 ","Titans Ventures, GD10 Ventures, OIG Oracles Investment Group, Master Ventures, Vendetta Capital, Basics Capital, Solar Eco Fund, Maven Capital, Everse Capital, Synapse Ventures, Roseon Finance, RR2 Capital","Oct 04, 2021",2022/11/12
372,ProjectOasis,Private Round,"$300,000 ","Minted Lab, Starter Capital","Oct 03, 2021",2022/11/12
373,Space Sip,Private Round,"$1,520,000 ","Phoenix Crypto VC, Titans Ventures, Poolz, Moondot Capital, SMO Capital, Oxbull, Alpha Moon Capital","Oct 02, 2021",2022/11/12
374,Moniwar,Private Round,"$720,000 ","Kardia Ventures, Bigcoin Capital, AVA Capital, Alpha Moon Capital, Dreamboat Capital, Onebit Ventures, Wildcat Ventures, UB Ventures, Roseon Finance, UFIN, RR2 Capital","Oct 01, 2021",2022/11/12
375,WonderHero,Private Round,"$1,650,000 ","X21 Digital, Morningstar Ventures, Icetea Labs, Polkastarter","Oct 01, 2021",2022/11/12
376,Galactic Arena: The NFTverse,Private Round,"$275,000 ","OIG Oracles Investment Group, Poolz, SS Ventures, Lighthouse Ventures","Oct 01, 2021",2022/11/12
377,Blockchain Monster Hunt,Private Round,"$3,800,000 ","GD10 Ventures, Animoca Brands, Morningstar Ventures, Sky Vision Capital, ZBS Capital, Basics Capital, Polygon Studios, HECO Chain, Double Peak, Polkastarter, Dweb3 Capital","Sep 30, 2021",2022/11/12
378,Celestial,Private Round,"$1,400,000 ","OKEx Blockdream Ventures, ZBS Capital","Sep 29, 2021",2022/11/12
379,Roco Finance,Private Round,"$3,600,000 ","Fomocraft Ventures, X21 Digital, Alameda Research, Momentum 6, Dutch Crypto Investors, Huobi Capital, ZBS Capital, Gains Associates, Ava Labs, Avalaunch, Hoop Ventures","Sep 29, 2021",2022/11/12
380,Continuum World,Private Round,"$2,100,000 ","ExNetwork Capital, X21 Digital, DuckDao, OIG Oracles Investment Group, Shima Capital, ZBS Capital, Pluto Digital Assets, CSP DAO, Avstar Capital, Peech Capital, Bigcoin Capital","Sep 28, 2021",2022/11/12
381,Eternal,Seed Round,"$4,500,000 ","Coinbase Ventures, NFX, MarkCuban, Gary Vaynerchuk, Dapper Labs, Arrington XRP Capital, Animoca Brands, Cooper Turley , DevinFinzer, Scalar Capital, TonySheng, Lattice, KevinLin, AlexandraBotez, RobertLeshner, JeffZirlin, MattFinick, JamesPark, RayChan, VillageGlobal, BroadhavenCapitalPartners, A. Capital Ventures","Sep 28, 2021",2022/11/12
382,Duelist King,Private Round,"$1,269,600 ","ExNetwork Capital, AU21 Capital, GD10 Ventures, X21 Digital, Momentum 6, Shima Capital, Magnus Capital, ZBS Capital, HG Ventures (DAS Kapital), Everse Capital, Banter Capital","Sep 26, 2021",2022/11/12
383,The Three Kingdoms,Private Round,"$2,800,000 ","X21 Digital, DAO Maker Investor, Magnus Capital, ZBS Capital, Raptor Capital, Cinch Block, SMO Capital, CoinUnited Capital, Linkpad VC, ReBlock, Boxmining","Sep 25, 2021",2022/11/12
384,Mines Of Dalarnia,Private Round,"$2,700,000 ",,"Sep 24, 2021",2022/11/12
385,Bloktopia,Seed Round,"$4,200,000 ","X21 Digital, Animoca Brands, Polygon, Genblock Capital, Kucoin Labs, Magnus Capital, DuckDao, Dreamboat Capital, Shima Capital, WendyO","Sep 23, 2021",2022/11/12
386,Cryptia,Seed Round,"$2,300,000 ","Kyros Ventures, Fomocraft Ventures, Altonomy, Icetea Labs, Signum Capital, ArkStream Capital, HyperChain Capital, Evangelion Capital, Red Kite, Bullperks, Mapleblock, GameFi Investor","Sep 22, 2021",2022/11/12
387,Nakamoto Games,Private Round,"$5,700,000 ","Legion Ventures, Insignius Capital, Signal Ventures, ZBS Capital, Black Dragon, Gains Associates, Polygon Studios, Moonboots Capital, Everse Capital, Alves Ventures, Fairum","Sep 22, 2021",2022/11/12
388,Planet Sandbox,Private Round,"$1,725,000 ","Kyros Ventures, ExNetwork Capital, AU21 Capital, NGC Ventures, Momentum 6, Dutch Crypto Investors, Magnus Capital, ZBS Capital, Icetea Labs, Vendetta Capital","Sep 22, 2021",2022/11/12
389,World Of Cryptia,Private Round,"$2,300,000 ","Kyros Ventures, Fomocraft Ventures, Altonomy, Icetea Labs, Signum Capital, ArkStream Capital, HyperChain Capital, Evangelion Capital, Red Kite, Bullperks, Mapleblock, GameFi Investor","Sep 22, 2021",2022/11/12
390,Mines Of Dalarnia,Seed Round,"$2,700,000 ","Salad Ventures, Crypto.com Capital, Animoca Brands, Coin98 Ventures, Jump Capital, NGC Ventures, Kyros Ventures, Drops Ventures, X21 Digital, Bitscale Capital, Sanctor Capital","Sep 22, 2021",2022/11/12
391,Elemon,Private Round,"$1,862,500 ","Fomocraft Ventures, Trustdao Capital, X21 Digital, Avstar Capital, Basics Capital, HG Ventures (DAS Kapital), Infinity Capital, CryptoThugs Capital, TK Ventures, Moonknight Labs, CryptoNation, Onebit Ventures","Sep 21, 2021",2022/11/12
392,Knight War,Seed Round,"$1,887,500 ","AU21 Capital, Titans Ventures, X21 Digital, Momentum 6, Dutch Crypto Investors, Magnus Capital, Icetea Labs, A2DAO, VBC Ventures, Basics Capital, Polygon Studios","Sep 20, 2021",2022/11/12
393,HeroVerse,Private Round,"$1,470,000 ","AU21 Capital, X21 Digital, DAO Maker Investor, Icetea Labs, Raptor Capital, Basics Capital, Cinch Block, Banter Capital, UG Ventures","Sep 20, 2021",2022/11/12
394,Heroes & Empires,Seed Round,"$1,500,000 ","Megala Ventures, Raptor Capital, DAO Maker Investor, UG Ventures, Interchain Ventures, Magnus Capital, X21 Digital, Basics Capital, Cinch Block, Icetea Labs, Metrix Capital, CryptoVietLabs, Kyros Ventures, Alpha Moon Capital, SaigonTradeCoin, MCG Capital, CoinF Ventures, Infinity Capital, OnBlock Ventures, TK Ventures, CryptoChecker, SS Ventures, KiwiGROUP, HC Capital, Wings Ventures","Sep 20, 2021",2022/11/12
395,Heroes & Empires,Private Round,"$1,500,000 ","Kyros Ventures, X21 Digital, DAO Maker Investor, Magnus Capital, Icetea Labs, Wings Ventures, Metrix Capital, Raptor Capital, Megala Ventures, Basics Capital, Cinch Block","Sep 20, 2021",2022/11/12
396,My Master War,Private Round,"$1,200,000 ","Animoca Brands, Morningstar Ventures, Icetea Labs, Raptor Capital, RR2 Capital","Sep 19, 2021",2022/11/12
397,Project SEED,Private Round,"$3,100,000 ","ExNetwork Capital, GD10 Ventures, Dutch Crypto Investors, OIG Oracles Investment Group, Insignius Capital, Black Dragon, Vendetta Capital, Gains Associates, Panda Capital, Ruby Capital","Sep 18, 2021",2022/11/12
398,GemGuardian,Private Round,"$680,000 ","Titans Ventures, Legion Ventures, Dutch Crypto Investors, OIG Oracles Investment Group, BSC News, VBC Ventures, Bullperks, Dreamboat Capital, Deltahub Capital, Seed Thrift Ventures","Sep 17, 2021",2022/11/12
399,The Realm Defenders,Private Round,"$1,600,000 ","ExNetwork Capital, X21 Digital, OIG Oracles Investment Group, Maven 11 Capital, CSP DAO, Basics Capital, Chain Capital, Unanimous Capital, Asteroid Capital","Sep 16, 2021",2022/11/12
400,Soccer Hub,Private Round,"$1,320,000 ","Momentum 6, Legion Ventures, Dutch Crypto Investors, OIG Oracles Investment Group, Magnus Capital, Icetea Labs, WaterDrip Capital, Panda Capital, Raptor Capital, Basics Capital, BlueMoon Venture Capital","Sep 15, 2021",2022/11/12
401,Stardust,Seed Round,"$5,000,000 ","Lattice, Framework Ventures, KleinerPerkins, Blockchain Capital, DistributedGlobal, Maven 11 Capital, Red Beard Ventures, Double Peak, NGC Ventures, OP Crypto, Triblock, DanRubin, DerekHsue, PimdeWitte, Sebastien Borget, GabbyDizon, Piers Kicks, Multicoin Capital, CMT Digital, FulgurVentures, NikilViswanathan","Sep 15, 2021",2022/11/12
402,H3RO3S,Private Round,"$1,650,000 ","GD10 Ventures, Dutch Crypto Investors, Lotus Capital, CSP DAO, Gains Associates, Maven Capital, CryptoThugs Capital, Maximus Capital, Halvings Capital, Alpha Moon Capital","Sep 14, 2021",2022/11/12
403,Dark Frontiers,Seed Round,"$2,362,000 ","LD Capital, DAO Maker Investor, Basics Capital, Double Peak, Dweb3 Capital, Hello Capital, Gamestarter","Sep 13, 2021",2022/11/12
404,Monsters Clan,Seed Round,"$1,350,000 ","Dutch Crypto Investors, ExNetwork Capital, X21 Digital, AU21 Capital, DuckDao, GD10 Ventures, Legion Ventures, OIG Investment Group, Deltahub Capital, Seedify, Global Key Investment, Dreamboat Capital","Sep 13, 2021",2022/11/12
405,Green Beli,Private Round,"$1,075,000 ","AU21 Capital, Titans Ventures, X21 Digital, Momentum 6, VBC Ventures, Basics Capital, SS Ventures, Dreamboat Capital, Onebit Ventures, CMC Capital","Sep 12, 2021",2022/11/12
406,Kawaii Islands,Private Round,"$2,400,000 ","Kyros Ventures, AU21 Capital, X21 Digital, Shinchan Group, Sky Vision Capital, Digital Finance Group, Signum Capital, HyperChain Capital, Mapleblock, IMBA, Oraichain","Sep 09, 2021",2022/11/12
407,Crypto Gaming United,Seed Round,"$5,000,000 ","Shaw and Partners, BlockchainAssets, M.H.Carnegie&Co, QuinoaGroup","Sep 09, 2021",2022/11/12
408,Ulti Arena,Seed Round,"$4,000,000 ","Panda Capital, Luna Capital, LucidBlue Ventures","Sep 08, 2021",2022/11/12
409,Defina,Private Round,"$300,000 ","Titans Ventures, Dutch Crypto Investors, OIG Oracles Investment Group, Huobi Capital, OKEx Blockdream Ventures, Plutus.vc, CSP DAO, 7 O’Clock Capital, Bitrise Capital, Bonfire Ventures","Sep 07, 2021",2022/11/12
410,Monsters Clan,Private Round,"$1,350,000 ","Kyros Ventures, ExNetwork Capital, BBS Finance, Titans Ventures, GD10 Ventures, X21 Digital, DuckDao, SkyBridge 20 Ventures, Legion Ventures, Dutch Crypto Investors, OIG Oracles Investment Group","Sep 06, 2021",2022/11/12
411,Mech Master,Private Round,"$2,291,250 ","X21 Digital, OIG Oracles Investment Group, Magnus Capital, OKEx Blockdream Ventures, Icetea Labs, ROK Capital, Youbi Capital, Basics Capital, MiH Ventures, OneMax Capital","Sep 06, 2021",2022/11/12
412,Monsta Infinite,Seed Round,"$2,531,250 ","GD10 Ventures, X21 Digital, OIG Oracles Investment Group, Master Ventures, Kirin Fund, CryptoThugs Capital, BrotherHood Ventures, Bullperks, BCA Investment, Ego Crypto, Asgard Capital","Sep 04, 2021",2022/11/12
413,Snook,Private Round,"$2,570,000 ","NGC Ventures, Legion Ventures, Pluto Digital Assets, Metrix Capital, Lupa X Capital, pSquare Capital, Brilliance Ventures, Dokia Capital, Maven Capital, 6th Man Ventures, Swiss Gem Investments (SWGI)","Sep 04, 2021",2022/11/12
414,VikingsChain,Private Round,"$198,000 ","GD10 Ventures, Dutch Crypto Investors, OIG Oracles Investment Group, Infinity Gainz","Sep 03, 2021",2022/11/12
415,Bomb Crypto,Private Round,"$300,000 ","Alphabit Fund, GD10 Ventures, Kardia Ventures, Alpha Moon Capital, Dreamboat Capital, CoinF Ventures, Wildcat Ventures","Sep 01, 2021",2022/11/12
416,Kaby Arena,Private Round,"$1,255,000 ","Kyros Ventures, ExNetwork Capital, AU21 Capital, Fomocraft Ventures, DAO Maker Investor, Icetea Labs, Vendetta Capital, Gains Associates, Coincurb, 1010 Capital, ReBlock","Aug 31, 2021",2022/11/12
417,Pocoland,Private Round,"$2,300,000 ","GD10 Ventures, Dutch Crypto Investors, OIG Oracles Investment Group, Avstar Capital, Panda Capital, Everse Capital, Infinity Capital, SS Ventures, WhiteList RU, Asteroid Capital, Coin TV","Aug 30, 2021",2022/11/12
418,Revolve Games,Private Round,"$1,780,000 ","GD10 Ventures, Magnus Capital, Maven Capital, Avalon Wealth Club, Stacker Ventures DAO, HODL","Aug 29, 2021",2022/11/12
419,DeathRoad,Private Round,"$868,000 ","X21 Digital, Magnus Capital, Icetea Labs, Metrix Capital, Raptor Capital, Everse Capital","Aug 24, 2021",2022/11/12
420,DeFi Warrior,Private Round,"$2,300,000 ","ExNetwork Capital, Titans Ventures, X21 Digital, NGC Ventures, Momentum 6, Coin98 Ventures, Spark Digital Capital, OKEx Blockdream Ventures, VBC Ventures, GFS Ventures, Megala Ventures","Aug 20, 2021",2022/11/12
421,SpaceY 2025,Private Round,"$4,650,000 ","Titans Ventures, Lancer Capital, Fenbushi Capital, Zonff Partners, Dec Ventures, Kretos Ventures, Alpha Moon Capital, BullishBlock Capital","Aug 17, 2021",2022/11/12
422,Bloktopia,Private Round,"$4,400,000 ","AU21 Capital, X21 Digital, Animoca Brands, Avalanche, Shima Capital, Genblock Capital, Magnus Capital, ZBS Capital, Polygon Studios","Aug 12, 2021",2022/11/12
423,Step Hero,Private Round,"$1,335,000 ","Kyros Ventures, ExNetwork Capital, Momentum 6, Dutch Crypto Investors, OIG Oracles Investment Group, Icetea Labs, Gate.io Labs, Gains Associates, Avstar Capital, HG Ventures (DAS Kapital), 1010 Capital","Aug 11, 2021",2022/11/12
424,Wanaka Farm,Private Round,"$660,000 ","DuckDao, Poolz, TAG Ventures, Kyber Network, TomoChain, Lua Ventures, Oxbull, TK Ventures, Babylons, Black Ventures","Aug 10, 2021",2022/11/12
425,Star Atlas,Private Round,-,"Mechanism Capital, Animoca Brands, Sino Global Capital, LD Capital, Spark Digital Capital, Republic Labs, Yield Guild Games","Aug 02, 2021",2022/11/12
426,Splinterlands,Private Round,"$3,600,000 ","Animoca Brands, 3Commas, Gate.io Labs, Polygon Studios, Blockchain Founders Fund, Enjin, Yield Guild Games, Alpha Sigma Capital, AGE Crypto Fund","Jul 27, 2021",2022/11/12
427,Virtually Human Studio (ZED RUN),Series A Round,"$20,000,000 ","Andreessen Horowitz, Red Beard Ventures, TheCherninGroup","Jul 21, 2021",2022/11/12
428,BaconDAO,Private Round,"$760,000 ","AU21 Capital, Fomocraft Ventures, Trustdao Capital, X21 Digital, Momentum 6, Icetea Labs, Nebula Ventures","Jul 18, 2021",2022/11/12
429,DinoX,Private Round,"$1,080,000 ","X21 Digital, Marshland Capital, DAO Maker Investor, Magnus Capital, Metrix Capital, Peech Capital, Raptor Capital, Lupa X Capital, Cinch Block, Interchain Ventures, ReBlock","Jul 16, 2021",2022/11/12
430,YAY Games,Private Round,"$1,345,000 ","AU21 Capital, Titans Ventures, There Exists Ventures, Black Dragon, Gains Associates, SMO Capital, MC Ventures (Muhabbit), Mizuki Capital, IBC Group","Jul 09, 2021",2022/11/12
431,Bling,Seed Round,-,Coinbase Ventures,"Jul 02, 2021",2022/11/12
432,Community Gaming,Seed Round,"$2,300,000 ",,"Jul 01, 2021",2022/11/12
433,Award Pool,Seed Round,"$2,300,000 ","JezSan, Flori Ventures, Equivesto, FunFairTechnologies","Jun 29, 2021",2022/11/12
434,Gamestarter,Seed Round,"$2,000,000 ","Kyros Ventures, AU21 Capital, X21 Digital, MGNR, DAO Maker Investor, Shima Capital, Angelone Capital, AC Capital, Evangelion Capital, Coincurb, ReBlock","Jun 11, 2021",2022/11/12
435,YOLOrekt,Seed Round,-,"Pantera Capital, Lemniscap, AngelDAO, JoshHannah, JackHerrick, Block0","Jun 07, 2021",2022/11/12
436,DeFi11,Private Round,"$3,500,000 ","NonceBlox, Kyros Ventures, ExNetwork Capital, AU21 Capital, Fomocraft Ventures, Alphabit Fund, Launchpool, TDeFi, Biconomy, Minted Lab, Defied Bank","Jun 03, 2021",2022/11/12
437,2CrazyNFT,Seed Round,"$1,700,000 ","DCICapital, DTSCapital, AU21 Capital, SupertargetCapital, ExNetwork Capital, GD10 Ventures, Tidal Ventures, Magnus Capital, MEXCExchange, MDACapital, Minted Lab, Chain Ridge Capital, DesignatedCapital, Blocksync Ventures, Megala Ventures, Orion Protocol, GTA Ventures, Ignition, Cloud Capital, X21 Digital, Stakely, Twin Apex Capital, Chronos Ventures, WingsFoundation","Jun 02, 2021",2022/11/12
438,Realm,Private Round,"$2,250,000 ","Alphabit Fund, NGC Ventures, Genesis Block Ventures, LD Capital, Marshland Capital, Magnus Capital, Moonrock Capital, Global Blockchain Innovative Capital, SL2 Capital, Cinch Block","May 27, 2021",2022/11/12
439,Bright Star Studios,Seed Round,"$2,000,000 ","Yield Guild Games, Mechanism Capital, DeFiance Capital, CoinGecko, Delphi Digital, Animoca Brands","May 26, 2021",2022/11/12
440,Faraland,Private Round,"$2,400,000 ","ExNetwork Capital, AU21 Capital, Fomocraft Ventures, X21 Digital, Morningstar Ventures, Coin98 Ventures, PNYX Ventures, Rarestone Capital, Spark Digital Capital, Magnus Capital, Icetea Labs","May 14, 2021",2022/11/12
441,Big Time Studios,Series A Round,"$10,300,000 ","FBG Capital, Digital Currency Group, SoundVentures, Alameda Research, OKX","May 13, 2021",2022/11/12
442,Big Time,Series A Round,"$10,300,000 ","FBG Capital, Digital Currency Group, SoundVentures, Alameda Research, BlackPool, GuildFi, Yield Guild Games, Merit Circle Investor, Avocado DAO, YGG SEA","May 12, 2021",2022/11/12
443,Trade Race Manager,Private Round,"$1,400,000 ",AU21 Capital,"May 02, 2021",2022/11/12
444,CryptoTycoon,Seed Round,-,"HappyBlock, CryptoDiffer, R8 Capital, A195 Capital, 4SV, AKG Ventures, PrimeBlock Ventures, AmplioCapital, There Exists Ventures, CatcherVC, BenMoLabs, Horizon Capital, TernaryCapital, 7StarCapital","Apr 30, 2021",2022/11/12
445,X World Games,Private Round,"$1,200,000 ","Kyros Ventures, NGC Ventures, ZBS Capital, FBG Capital, SNZ Holding, Chain Capital, Longling Capital, PreAngelFund, BTX Capital, CryptoDiffer","Apr 26, 2021",2022/11/12
446,My DeFi Pet,Private Round,"$900,000 ","Animoca Brands, Momentum 6, Spark Digital Capital, OKEx Blockdream Ventures, Axia8 Ventures, Digital Finance Group, Kardia Ventures, Megala Ventures, Consensus Capital, Clovers Ventures","Apr 23, 2021",2022/11/12
447,TradeStars,Seed Round,"$1,670,000 ","AU21 Capital, LD Capital, Sfermion, TaureonCapital, Morningstar Ventures, Spark Digital Capital, Free Company, Faculty Capital, HypePartners, NGC Ventures","Apr 22, 2021",2022/11/12
448,Virtue Poker,Strategic Round,"$5,000,000 ","ConsenSysVentures, Pantera Capital, DFG(DynamicFintechGroup)","Apr 15, 2021",2022/11/12
449,Alien Worlds,Strategic Round,"$2,000,000 ","Animoca Brands, Longling Capital, 3Commas, LD Capital","Mar 26, 2021",2022/11/12
450,Rage.Fan,Seed Round,"$1,600,000 ","X21 Digital, Magnus Capital, Moonrock Capital, AU21 Capital","Mar 22, 2021",2022/11/12
451,GamyFi,Seed Round,"$1,000,000 ","Spark Digital Capital, AU21 Capital, LD Capital, Momentum 6, Angelone Capital, InfinityLabs, 499 Block, UNITY Capital, Oasis Capital, YBB Foundation, TernaryCapital, Incuba AlphaLabs, SearchlightCapital, BKCapital, Kardia Ventures, BitMart","Mar 17, 2021",2022/11/12
452,Illuvium,Seed Round,"$5,000,000 ","Bitscale Capital, LD Capital, Lotus Capital","Mar 16, 2021",2022/11/12
453,My Neighbor Alice,Private Round,"$2,100,000 ","Kyros Ventures, X21 Digital, NGC Ventures, Genesis Block Ventures, Coin98 Ventures, Bitscale Capital, Rarestone Capital, BTX Capital","Mar 10, 2021",2022/11/12
454,Aluna,Seed Round,"$1,000,000 ","100/x, DEXT Force Ventures","Feb 26, 2021",2022/11/12
455,Playcent,Seed Round,"$1,000,000 ",,"Feb 26, 2021",2022/11/12
456,Aluna Social,Private Round,"$1,000,000 ","Genesis Block Ventures, Gate.io Labs, DEXT Force Ventures, BlueBridge-Financial","Feb 26, 2021",2022/11/12
457,Artie,Seed Round,"$10,000,000 ","Winklevoss Capital, Warner Music Group, SinaiVentures, ShrugCapital, RaisedinSpaceEnterprises, MatthewBall, MarkPincus, MaCVentureCapital, KevinMayer, Kevin Durant","Feb 17, 2021",2022/11/12
458,ChainGuardians,Seed Round,"$1,200,000 ","AU21 Capital, GD10 Ventures, Genblock Capital, GBV Capital, Moonrock Capital, Morningstar Ventures, Twin Apex Capital","Feb 17, 2021",2022/11/12
459,Seascape Crowns,Private Round,"$272,000 ","LD Capital, Spark Digital Capital, Paka Capital, Nabais Capital","Feb 16, 2021",2022/11/12
460,Gourmet Galaxy,Strategic Round,-,Magnus Capital,"Jan 15, 2021",2022/11/12
461,Antler Interactive,Seed Round,"$2,100,000 ","NGC Ventures, Bitscale Capital, GBV Capital, Kyros Ventures, Coin98 Ventures, AsymmVentures, AugmentVentures, BTX Capital, Rarestone Capital, X21 Digital, FelixXu, RyanFang","Jan 06, 2021",2022/11/12
462,Exeedme,Seed Round,"$750,000 ","Moonrock Capital, Morningstar Ventures, AU21 Capital","Dec 21, 2020",2022/11/12
463,Axie Infinity,Strategic Round,"$860,000 ",,"Nov 20, 2020",2022/11/12
464,Infinite Fleet,Strategic Round,"$3,100,000 ",AdamBack,"Aug 06, 2020",2022/11/12
